dataset,foundational_model,adapter,n_features,n_components,is_fine_tuned,context_length,forecasting_horizon,running_time,seed,metric,value
ETTh1,AutonLab/MOMENT-1-small,,7,7,FALSE,512,96,123.9991398,13,mse,0.725827907
ETTh1,AutonLab/MOMENT-1-small,,7,7,FALSE,512,96,123.9991398,13,mae,0.576116461
ETTh1,AutonLab/MOMENT-1-small,,7,7,FALSE,512,96,123.9991398,13,scaled_mse,0.722229072
ETTh1,AutonLab/MOMENT-1-small,,7,7,FALSE,512,96,123.9991398,13,scaled_mae,0.576487163
ETTh1,AutonLab/MOMENT-1-small,,7,7,TRUE,512,96,363.3517456,13,mse,0.439065271
ETTh1,AutonLab/MOMENT-1-small,,7,7,TRUE,512,96,363.3517456,13,mae,0.442577527
ETTh1,AutonLab/MOMENT-1-small,,7,7,TRUE,512,96,363.3517456,13,scaled_mse,0.43667522
ETTh1,AutonLab/MOMENT-1-small,,7,7,TRUE,512,96,363.3517456,13,scaled_mae,0.443007937
ETTh1,AutonLab/MOMENT-1-small,pca,7,1,FALSE,512,96,19.39723849,13,mse,1.105635694
ETTh1,AutonLab/MOMENT-1-small,pca,7,1,FALSE,512,96,19.39723849,13,mae,0.787567145
ETTh1,AutonLab/MOMENT-1-small,pca,7,1,FALSE,512,96,19.39723849,13,scaled_mse,1.101998164
ETTh1,AutonLab/MOMENT-1-small,pca,7,1,FALSE,512,96,19.39723849,13,scaled_mae,0.788969969
ETTh1,AutonLab/MOMENT-1-small,pca,7,2,FALSE,512,96,36.71494937,13,mse,1.096720763
ETTh1,AutonLab/MOMENT-1-small,pca,7,2,FALSE,512,96,36.71494937,13,mae,0.788546584
ETTh1,AutonLab/MOMENT-1-small,pca,7,2,FALSE,512,96,36.71494937,13,scaled_mse,1.092743956
ETTh1,AutonLab/MOMENT-1-small,pca,7,2,FALSE,512,96,36.71494937,13,scaled_mae,0.789706127
ETTh1,AutonLab/MOMENT-1-small,pca,7,3,FALSE,512,96,53.82758832,13,mse,1.097893823
ETTh1,AutonLab/MOMENT-1-small,pca,7,3,FALSE,512,96,53.82758832,13,mae,0.789162275
ETTh1,AutonLab/MOMENT-1-small,pca,7,3,FALSE,512,96,53.82758832,13,scaled_mse,1.092920887
ETTh1,AutonLab/MOMENT-1-small,pca,7,3,FALSE,512,96,53.82758832,13,scaled_mae,0.789774616
ETTh1,AutonLab/MOMENT-1-small,pca,7,4,FALSE,512,96,72.38901806,13,mse,0.962026036
ETTh1,AutonLab/MOMENT-1-small,pca,7,4,FALSE,512,96,72.38901806,13,mae,0.708879273
ETTh1,AutonLab/MOMENT-1-small,pca,7,4,FALSE,512,96,72.38901806,13,scaled_mse,0.957774597
ETTh1,AutonLab/MOMENT-1-small,pca,7,4,FALSE,512,96,72.38901806,13,scaled_mae,0.709964488
ETTh1,AutonLab/MOMENT-1-small,pca,7,5,FALSE,512,96,88.19315934,13,mse,0.755566083
ETTh1,AutonLab/MOMENT-1-small,pca,7,5,FALSE,512,96,88.19315934,13,mae,0.592396699
ETTh1,AutonLab/MOMENT-1-small,pca,7,5,FALSE,512,96,88.19315934,13,scaled_mse,0.751124608
ETTh1,AutonLab/MOMENT-1-small,pca,7,5,FALSE,512,96,88.19315934,13,scaled_mae,0.59255031
ETTh1,AutonLab/MOMENT-1-small,pca,7,6,FALSE,512,96,109.4405687,13,mse,0.742879817
ETTh1,AutonLab/MOMENT-1-small,pca,7,6,FALSE,512,96,109.4405687,13,mae,0.586689703
ETTh1,AutonLab/MOMENT-1-small,pca,7,6,FALSE,512,96,109.4405687,13,scaled_mse,0.738744908
ETTh1,AutonLab/MOMENT-1-small,pca,7,6,FALSE,512,96,109.4405687,13,scaled_mae,0.586914293
ETTh1,AutonLab/MOMENT-1-small,pca,7,7,FALSE,512,96,128.0859258,13,mse,0.741987176
ETTh1,AutonLab/MOMENT-1-small,pca,7,7,FALSE,512,96,128.0859258,13,mae,0.584957891
ETTh1,AutonLab/MOMENT-1-small,pca,7,7,FALSE,512,96,128.0859258,13,scaled_mse,0.737831261
ETTh1,AutonLab/MOMENT-1-small,pca,7,7,FALSE,512,96,128.0859258,13,scaled_mae,0.585180853
ETTh1,AutonLab/MOMENT-1-small,pca,7,1,TRUE,512,96,75.0290575,13,mse,1.016435825
ETTh1,AutonLab/MOMENT-1-small,pca,7,1,TRUE,512,96,75.0290575,13,mae,0.75652051
ETTh1,AutonLab/MOMENT-1-small,pca,7,1,TRUE,512,96,75.0290575,13,scaled_mse,1.013777596
ETTh1,AutonLab/MOMENT-1-small,pca,7,1,TRUE,512,96,75.0290575,13,scaled_mae,0.757929706
ETTh1,AutonLab/MOMENT-1-small,pca,7,2,TRUE,512,96,108.1225278,13,mse,0.875680889
ETTh1,AutonLab/MOMENT-1-small,pca,7,2,TRUE,512,96,108.1225278,13,mae,0.723554529
ETTh1,AutonLab/MOMENT-1-small,pca,7,2,TRUE,512,96,108.1225278,13,scaled_mse,0.871539144
ETTh1,AutonLab/MOMENT-1-small,pca,7,2,TRUE,512,96,108.1225278,13,scaled_mae,0.724319134
ETTh1,AutonLab/MOMENT-1-small,pca,7,3,TRUE,512,96,144.1519756,13,mse,0.842477013
ETTh1,AutonLab/MOMENT-1-small,pca,7,3,TRUE,512,96,144.1519756,13,mae,0.695777568
ETTh1,AutonLab/MOMENT-1-small,pca,7,3,TRUE,512,96,144.1519756,13,scaled_mse,0.838231691
ETTh1,AutonLab/MOMENT-1-small,pca,7,3,TRUE,512,96,144.1519756,13,scaled_mae,0.696120356
ETTh1,AutonLab/MOMENT-1-small,pca,7,4,TRUE,512,96,185.6471541,13,mse,0.687092732
ETTh1,AutonLab/MOMENT-1-small,pca,7,4,TRUE,512,96,185.6471541,13,mae,0.618323101
ETTh1,AutonLab/MOMENT-1-small,pca,7,4,TRUE,512,96,185.6471541,13,scaled_mse,0.684741745
ETTh1,AutonLab/MOMENT-1-small,pca,7,4,TRUE,512,96,185.6471541,13,scaled_mae,0.619829291
ETTh1,AutonLab/MOMENT-1-small,pca,7,5,TRUE,512,96,284.352598,13,mse,0.448883738
ETTh1,AutonLab/MOMENT-1-small,pca,7,5,TRUE,512,96,284.352598,13,mae,0.461218242
ETTh1,AutonLab/MOMENT-1-small,pca,7,5,TRUE,512,96,284.352598,13,scaled_mse,0.446241591
ETTh1,AutonLab/MOMENT-1-small,pca,7,5,TRUE,512,96,284.352598,13,scaled_mae,0.461564037
ETTh1,AutonLab/MOMENT-1-small,pca,7,6,TRUE,512,96,277.8398035,13,mse,0.455140227
ETTh1,AutonLab/MOMENT-1-small,pca,7,6,TRUE,512,96,277.8398035,13,mae,0.465529087
ETTh1,AutonLab/MOMENT-1-small,pca,7,6,TRUE,512,96,277.8398035,13,scaled_mse,0.452409493
ETTh1,AutonLab/MOMENT-1-small,pca,7,6,TRUE,512,96,277.8398035,13,scaled_mae,0.465842996
ETTh1,AutonLab/MOMENT-1-small,pca,7,7,TRUE,512,96,381.8353748,13,mse,0.45153184
ETTh1,AutonLab/MOMENT-1-small,pca,7,7,TRUE,512,96,381.8353748,13,mae,0.46257344
ETTh1,AutonLab/MOMENT-1-small,pca,7,7,TRUE,512,96,381.8353748,13,scaled_mse,0.448864732
ETTh1,AutonLab/MOMENT-1-small,pca,7,7,TRUE,512,96,381.8353748,13,scaled_mae,0.462910639
ETTh1,AutonLab/MOMENT-1-large,,7,7,FALSE,512,96,1162.186124,13,mse,0.710633563
ETTh1,AutonLab/MOMENT-1-large,,7,7,FALSE,512,96,1162.186124,13,mae,0.572057592
ETTh1,AutonLab/MOMENT-1-large,,7,7,FALSE,512,96,1162.186124,13,scaled_mse,0.707069822
ETTh1,AutonLab/MOMENT-1-large,,7,7,FALSE,512,96,1162.186124,13,scaled_mae,0.572404103
ETTh1,AutonLab/MOMENT-1-large,pca,7,1,FALSE,512,96,165.6646118,13,mse,1.096218641
ETTh1,AutonLab/MOMENT-1-large,pca,7,1,FALSE,512,96,165.6646118,13,mae,0.783982419
ETTh1,AutonLab/MOMENT-1-large,pca,7,1,FALSE,512,96,165.6646118,13,scaled_mse,1.092630661
ETTh1,AutonLab/MOMENT-1-large,pca,7,1,FALSE,512,96,165.6646118,13,scaled_mae,0.78540497
ETTh1,AutonLab/MOMENT-1-large,pca,7,2,FALSE,512,96,321.4481986,13,mse,1.07587375
ETTh1,AutonLab/MOMENT-1-large,pca,7,2,FALSE,512,96,321.4481986,13,mae,0.782106448
ETTh1,AutonLab/MOMENT-1-large,pca,7,2,FALSE,512,96,321.4481986,13,scaled_mse,1.07207748
ETTh1,AutonLab/MOMENT-1-large,pca,7,2,FALSE,512,96,321.4481986,13,scaled_mae,0.78330117
ETTh1,AutonLab/MOMENT-1-large,pca,7,3,FALSE,512,96,479.1677237,13,mse,1.076234084
ETTh1,AutonLab/MOMENT-1-large,pca,7,3,FALSE,512,96,479.1677237,13,mae,0.782683019
ETTh1,AutonLab/MOMENT-1-large,pca,7,3,FALSE,512,96,479.1677237,13,scaled_mse,1.071151401
ETTh1,AutonLab/MOMENT-1-large,pca,7,3,FALSE,512,96,479.1677237,13,scaled_mae,0.783256488
ETTh1,AutonLab/MOMENT-1-large,pca,7,4,FALSE,512,96,657.3811905,13,mse,0.938417332
ETTh1,AutonLab/MOMENT-1-large,pca,7,4,FALSE,512,96,657.3811905,13,mae,0.697864366
ETTh1,AutonLab/MOMENT-1-large,pca,7,4,FALSE,512,96,657.3811905,13,scaled_mse,0.935161629
ETTh1,AutonLab/MOMENT-1-large,pca,7,4,FALSE,512,96,657.3811905,13,scaled_mae,0.699181227
ETTh1,AutonLab/MOMENT-1-large,pca,7,5,FALSE,512,96,815.7802582,13,mse,0.713722599
ETTh1,AutonLab/MOMENT-1-large,pca,7,5,FALSE,512,96,815.7802582,13,mae,0.57449978
ETTh1,AutonLab/MOMENT-1-large,pca,7,5,FALSE,512,96,815.7802582,13,scaled_mse,0.710148563
ETTh1,AutonLab/MOMENT-1-large,pca,7,5,FALSE,512,96,815.7802582,13,scaled_mae,0.574849808
ETTh1,AutonLab/MOMENT-1-large,pca,7,6,FALSE,512,96,995.2620113,13,mse,0.713739433
ETTh1,AutonLab/MOMENT-1-large,pca,7,6,FALSE,512,96,995.2620113,13,mae,0.575299952
ETTh1,AutonLab/MOMENT-1-large,pca,7,6,FALSE,512,96,995.2620113,13,scaled_mse,0.710112873
ETTh1,AutonLab/MOMENT-1-large,pca,7,6,FALSE,512,96,995.2620113,13,scaled_mae,0.575625748
ETTh1,AutonLab/MOMENT-1-large,pca,7,7,FALSE,512,96,1179.557081,13,mse,0.7127501
ETTh1,AutonLab/MOMENT-1-large,pca,7,7,FALSE,512,96,1179.557081,13,mae,0.575053532
ETTh1,AutonLab/MOMENT-1-large,pca,7,7,FALSE,512,96,1179.557081,13,scaled_mse,0.709115829
ETTh1,AutonLab/MOMENT-1-large,pca,7,7,FALSE,512,96,1179.557081,13,scaled_mae,0.575375386
ETTh1,AutonLab/MOMENT-1-small,,7,7,TRUE,512,96,604.6275191,13,mse,0.43811638
ETTh1,AutonLab/MOMENT-1-small,,7,7,TRUE,512,96,604.6275191,13,mae,0.442230824
ETTh1,AutonLab/MOMENT-1-small,,7,7,TRUE,512,96,604.6275191,13,scaled_mse,0.435727612
ETTh1,AutonLab/MOMENT-1-small,,7,7,TRUE,512,96,604.6275191,13,scaled_mae,0.44266198
ETTh1,AutonLab/MOMENT-1-large,pca,7,1,TRUE,512,96,68.32716441,777,mse,1.014931307
ETTh1,AutonLab/MOMENT-1-large,pca,7,1,TRUE,512,96,68.32716441,777,mae,0.755174295
ETTh1,AutonLab/MOMENT-1-large,pca,7,1,TRUE,512,96,68.32716441,777,scaled_mse,1.01214033
ETTh1,AutonLab/MOMENT-1-large,pca,7,1,TRUE,512,96,68.32716441,777,scaled_mae,0.756544411
ETTh1,AutonLab/MOMENT-1-large,pca,7,2,TRUE,512,96,70.72976422,777,mse,0.870975086
ETTh1,AutonLab/MOMENT-1-large,pca,7,2,TRUE,512,96,70.72976422,777,mae,0.718015052
ETTh1,AutonLab/MOMENT-1-large,pca,7,2,TRUE,512,96,70.72976422,777,scaled_mse,0.867437766
ETTh1,AutonLab/MOMENT-1-large,pca,7,2,TRUE,512,96,70.72976422,777,scaled_mae,0.719003612
ETTh1,AutonLab/MOMENT-1-large,pca,7,3,TRUE,512,96,96.45547366,777,mse,0.83426327
ETTh1,AutonLab/MOMENT-1-large,pca,7,3,TRUE,512,96,96.45547366,777,mae,0.689226006
ETTh1,AutonLab/MOMENT-1-large,pca,7,3,TRUE,512,96,96.45547366,777,scaled_mse,0.829650246
ETTh1,AutonLab/MOMENT-1-large,pca,7,3,TRUE,512,96,96.45547366,777,scaled_mae,0.68946432
ETTh1,AutonLab/MOMENT-1-large,pca,7,1,FALSE,512,96,20.69042706,7888,mse,1.09685903
ETTh1,AutonLab/MOMENT-1-large,pca,7,1,FALSE,512,96,20.69042706,7888,mae,0.783631838
ETTh1,AutonLab/MOMENT-1-large,pca,7,1,FALSE,512,96,20.69042706,7888,scaled_mse,1.09326447
ETTh1,AutonLab/MOMENT-1-large,pca,7,1,FALSE,512,96,20.69042706,7888,scaled_mae,0.785051342
ETTh1,AutonLab/MOMENT-1-large,pca,7,2,FALSE,512,96,29.28276467,7888,mse,1.076912923
ETTh1,AutonLab/MOMENT-1-large,pca,7,2,FALSE,512,96,29.28276467,7888,mae,0.782273941
ETTh1,AutonLab/MOMENT-1-large,pca,7,2,FALSE,512,96,29.28276467,7888,scaled_mse,1.073110077
ETTh1,AutonLab/MOMENT-1-large,pca,7,2,FALSE,512,96,29.28276467,7888,scaled_mae,0.783466841
ETTh1,AutonLab/MOMENT-1-large,pca,7,4,TRUE,512,96,116.1371295,777,mse,0.67510392
ETTh1,AutonLab/MOMENT-1-large,pca,7,4,TRUE,512,96,116.1371295,777,mae,0.603713847
ETTh1,AutonLab/MOMENT-1-large,pca,7,4,TRUE,512,96,116.1371295,777,scaled_mse,0.672088994
ETTh1,AutonLab/MOMENT-1-large,pca,7,4,TRUE,512,96,116.1371295,777,scaled_mae,0.60505694
ETTh1,AutonLab/MOMENT-1-large,pca,7,3,FALSE,512,96,40.56356478,7888,mse,1.07440747
ETTh1,AutonLab/MOMENT-1-large,pca,7,3,FALSE,512,96,40.56356478,7888,mae,0.783845612
ETTh1,AutonLab/MOMENT-1-large,pca,7,3,FALSE,512,96,40.56356478,7888,scaled_mse,1.06937551
ETTh1,AutonLab/MOMENT-1-large,pca,7,3,FALSE,512,96,40.56356478,7888,scaled_mae,0.784449561
ETTh1,AutonLab/MOMENT-1-large,pca,7,4,FALSE,512,96,51.39155841,7888,mse,0.932828734
ETTh1,AutonLab/MOMENT-1-large,pca,7,4,FALSE,512,96,51.39155841,7888,mae,0.694862594
ETTh1,AutonLab/MOMENT-1-large,pca,7,4,FALSE,512,96,51.39155841,7888,scaled_mse,0.929845712
ETTh1,AutonLab/MOMENT-1-large,pca,7,4,FALSE,512,96,51.39155841,7888,scaled_mae,0.696256317
ETTh1,AutonLab/MOMENT-1-large,pca,7,5,TRUE,512,96,135.1751788,777,mse,0.432808082
ETTh1,AutonLab/MOMENT-1-large,pca,7,5,TRUE,512,96,135.1751788,777,mae,0.450276989
ETTh1,AutonLab/MOMENT-1-large,pca,7,5,TRUE,512,96,135.1751788,777,scaled_mse,0.430203296
ETTh1,AutonLab/MOMENT-1-large,pca,7,5,TRUE,512,96,135.1751788,777,scaled_mae,0.450613017
ETTh1,AutonLab/MOMENT-1-large,pca,7,5,FALSE,512,96,62.63235307,7888,mse,0.714657598
ETTh1,AutonLab/MOMENT-1-large,pca,7,5,FALSE,512,96,62.63235307,7888,mae,0.575872267
ETTh1,AutonLab/MOMENT-1-large,pca,7,5,FALSE,512,96,62.63235307,7888,scaled_mse,0.711028637
ETTh1,AutonLab/MOMENT-1-large,pca,7,5,FALSE,512,96,62.63235307,7888,scaled_mae,0.576201535
ETTh1,AutonLab/MOMENT-1-large,pca,7,6,FALSE,512,96,72.85914636,7888,mse,0.710441162
ETTh1,AutonLab/MOMENT-1-large,pca,7,6,FALSE,512,96,72.85914636,7888,mae,0.5734166
ETTh1,AutonLab/MOMENT-1-large,pca,7,6,FALSE,512,96,72.85914636,7888,scaled_mse,0.706858094
ETTh1,AutonLab/MOMENT-1-large,pca,7,6,FALSE,512,96,72.85914636,7888,scaled_mae,0.573756428
ETTh1,AutonLab/MOMENT-1-large,pca,7,6,TRUE,512,96,157.946161,777,mse,0.437435667
ETTh1,AutonLab/MOMENT-1-large,pca,7,6,TRUE,512,96,157.946161,777,mae,0.452419571
ETTh1,AutonLab/MOMENT-1-large,pca,7,6,TRUE,512,96,157.946161,777,scaled_mse,0.434725495
ETTh1,AutonLab/MOMENT-1-large,pca,7,6,TRUE,512,96,157.946161,777,scaled_mae,0.452718277
ETTh1,AutonLab/MOMENT-1-large,pca,7,7,FALSE,512,96,86.06256485,7888,mse,0.710249236
ETTh1,AutonLab/MOMENT-1-large,pca,7,7,FALSE,512,96,86.06256485,7888,mae,0.573864276
ETTh1,AutonLab/MOMENT-1-large,pca,7,7,FALSE,512,96,86.06256485,7888,scaled_mse,0.706645268
ETTh1,AutonLab/MOMENT-1-large,pca,7,7,FALSE,512,96,86.06256485,7888,scaled_mae,0.57419358
ETTh1,AutonLab/MOMENT-1-large,pca,7,7,TRUE,512,96,176.9108527,777,mse,0.434197747
ETTh1,AutonLab/MOMENT-1-large,pca,7,7,TRUE,512,96,176.9108527,777,mae,0.451621141
ETTh1,AutonLab/MOMENT-1-large,pca,7,7,TRUE,512,96,176.9108527,777,scaled_mse,0.431584512
ETTh1,AutonLab/MOMENT-1-large,pca,7,7,TRUE,512,96,176.9108527,777,scaled_mae,0.451949273
ETTh1,AutonLab/MOMENT-1-large,,7,7,FALSE,512,96,84.89753437,25033,mse,0.715958707
ETTh1,AutonLab/MOMENT-1-large,,7,7,FALSE,512,96,84.89753437,25033,mae,0.577284103
ETTh1,AutonLab/MOMENT-1-large,,7,7,FALSE,512,96,84.89753437,25033,scaled_mse,0.712344376
ETTh1,AutonLab/MOMENT-1-large,,7,7,FALSE,512,96,84.89753437,25033,scaled_mae,0.57760769
ETTh1,AutonLab/MOMENT-1-large,,7,7,TRUE,512,96,178.7880647,17389,mse,0.42845431
ETTh1,AutonLab/MOMENT-1-large,,7,7,TRUE,512,96,178.7880647,17389,mae,0.436790565
ETTh1,AutonLab/MOMENT-1-large,,7,7,TRUE,512,96,178.7880647,17389,scaled_mse,0.426188932
ETTh1,AutonLab/MOMENT-1-large,,7,7,TRUE,512,96,178.7880647,17389,scaled_mae,0.437250816
ETTh1,AutonLab/MOMENT-1-large,pca,7,1,FALSE,512,96,21.86265707,8284,mse,1.097638417
ETTh1,AutonLab/MOMENT-1-large,pca,7,1,FALSE,512,96,21.86265707,8284,mae,0.783531339
ETTh1,AutonLab/MOMENT-1-large,pca,7,1,FALSE,512,96,21.86265707,8284,scaled_mse,1.094038531
ETTh1,AutonLab/MOMENT-1-large,pca,7,1,FALSE,512,96,21.86265707,8284,scaled_mae,0.784949338
ETTh1,AutonLab/MOMENT-1-large,pca,7,2,FALSE,512,96,30.13777828,8284,mse,1.076446455
ETTh1,AutonLab/MOMENT-1-large,pca,7,2,FALSE,512,96,30.13777828,8284,mae,0.783115664
ETTh1,AutonLab/MOMENT-1-large,pca,7,2,FALSE,512,96,30.13777828,8284,scaled_mse,1.07263274
ETTh1,AutonLab/MOMENT-1-large,pca,7,2,FALSE,512,96,30.13777828,8284,scaled_mae,0.784306615
ETTh1,AutonLab/MOMENT-1-large,pca,7,3,FALSE,512,96,42.40113521,8284,mse,1.076064721
ETTh1,AutonLab/MOMENT-1-large,pca,7,3,FALSE,512,96,42.40113521,8284,mae,0.784468054
ETTh1,AutonLab/MOMENT-1-large,pca,7,3,FALSE,512,96,42.40113521,8284,scaled_mse,1.071014882
ETTh1,AutonLab/MOMENT-1-large,pca,7,3,FALSE,512,96,42.40113521,8284,scaled_mae,0.785066772
ETTh1,AutonLab/MOMENT-1-large,pca,7,4,FALSE,512,96,53.12864184,8284,mse,0.932489533
ETTh1,AutonLab/MOMENT-1-large,pca,7,4,FALSE,512,96,53.12864184,8284,mae,0.694726896
ETTh1,AutonLab/MOMENT-1-large,pca,7,4,FALSE,512,96,53.12864184,8284,scaled_mse,0.929503178
ETTh1,AutonLab/MOMENT-1-large,pca,7,4,FALSE,512,96,53.12864184,8284,scaled_mae,0.696117572
ETTh1,AutonLab/MOMENT-1-large,pca,7,1,TRUE,512,96,73.28622103,23352,mse,1.01684718
ETTh1,AutonLab/MOMENT-1-large,pca,7,1,TRUE,512,96,73.28622103,23352,mae,0.752913334
ETTh1,AutonLab/MOMENT-1-large,pca,7,1,TRUE,512,96,73.28622103,23352,scaled_mse,1.014103382
ETTh1,AutonLab/MOMENT-1-large,pca,7,1,TRUE,512,96,73.28622103,23352,scaled_mae,0.754300186
ETTh1,AutonLab/MOMENT-1-large,pca,7,5,FALSE,512,96,66.10566044,8284,mse,0.709247169
ETTh1,AutonLab/MOMENT-1-large,pca,7,5,FALSE,512,96,66.10566044,8284,mae,0.573507124
ETTh1,AutonLab/MOMENT-1-large,pca,7,5,FALSE,512,96,66.10566044,8284,scaled_mse,0.705664414
ETTh1,AutonLab/MOMENT-1-large,pca,7,5,FALSE,512,96,66.10566044,8284,scaled_mae,0.573845521
ETTh1,AutonLab/MOMENT-1-large,pca,7,2,TRUE,512,96,77.46727991,23352,mse,0.876679182
ETTh1,AutonLab/MOMENT-1-large,pca,7,2,TRUE,512,96,77.46727991,23352,mae,0.725960062
ETTh1,AutonLab/MOMENT-1-large,pca,7,2,TRUE,512,96,77.46727991,23352,scaled_mse,0.872924559
ETTh1,AutonLab/MOMENT-1-large,pca,7,2,TRUE,512,96,77.46727991,23352,scaled_mae,0.726901285
ETTh1,AutonLab/MOMENT-1-large,pca,7,6,FALSE,512,96,75.78942657,8284,mse,0.714437753
ETTh1,AutonLab/MOMENT-1-large,pca,7,6,FALSE,512,96,75.78942657,8284,mae,0.576380084
ETTh1,AutonLab/MOMENT-1-large,pca,7,6,FALSE,512,96,75.78942657,8284,scaled_mse,0.710793308
ETTh1,AutonLab/MOMENT-1-large,pca,7,6,FALSE,512,96,75.78942657,8284,scaled_mae,0.57669476
ETTh1,AutonLab/MOMENT-1-large,pca,7,7,FALSE,512,96,85.91568995,8284,mse,0.712684077
ETTh1,AutonLab/MOMENT-1-large,pca,7,7,FALSE,512,96,85.91568995,8284,mae,0.575013282
ETTh1,AutonLab/MOMENT-1-large,pca,7,7,FALSE,512,96,85.91568995,8284,scaled_mse,0.709051081
ETTh1,AutonLab/MOMENT-1-large,pca,7,7,FALSE,512,96,85.91568995,8284,scaled_mae,0.575334585
ETTh1,AutonLab/MOMENT-1-large,pca,7,3,TRUE,512,96,96.17344689,23352,mse,0.825627855
ETTh1,AutonLab/MOMENT-1-large,pca,7,3,TRUE,512,96,96.17344689,23352,mae,0.686641676
ETTh1,AutonLab/MOMENT-1-large,pca,7,3,TRUE,512,96,96.17344689,23352,scaled_mse,0.821195506
ETTh1,AutonLab/MOMENT-1-large,pca,7,3,TRUE,512,96,96.17344689,23352,scaled_mae,0.686934741
ETTh1,AutonLab/MOMENT-1-large,pca,7,4,TRUE,512,96,116.814415,23352,mse,0.67337236
ETTh1,AutonLab/MOMENT-1-large,pca,7,4,TRUE,512,96,116.814415,23352,mae,0.599915536
ETTh1,AutonLab/MOMENT-1-large,pca,7,4,TRUE,512,96,116.814415,23352,scaled_mse,0.669320024
ETTh1,AutonLab/MOMENT-1-large,pca,7,4,TRUE,512,96,116.814415,23352,scaled_mae,0.600950047
ETTh1,AutonLab/MOMENT-1-large,pca,7,5,TRUE,512,96,137.5067482,23352,mse,0.432137338
ETTh1,AutonLab/MOMENT-1-large,pca,7,5,TRUE,512,96,137.5067482,23352,mae,0.448503609
ETTh1,AutonLab/MOMENT-1-large,pca,7,5,TRUE,512,96,137.5067482,23352,scaled_mse,0.42951377
ETTh1,AutonLab/MOMENT-1-large,pca,7,5,TRUE,512,96,137.5067482,23352,scaled_mae,0.448842116
ETTh1,AutonLab/MOMENT-1-large,pca,7,6,TRUE,512,96,159.1838603,23352,mse,0.431060322
ETTh1,AutonLab/MOMENT-1-large,pca,7,6,TRUE,512,96,159.1838603,23352,mae,0.447177997
ETTh1,AutonLab/MOMENT-1-large,pca,7,6,TRUE,512,96,159.1838603,23352,scaled_mse,0.428449558
ETTh1,AutonLab/MOMENT-1-large,pca,7,6,TRUE,512,96,159.1838603,23352,scaled_mae,0.447517317
ETTh1,AutonLab/MOMENT-1-large,pca,7,7,TRUE,512,96,184.4872742,23352,mse,0.435743588
ETTh1,AutonLab/MOMENT-1-large,pca,7,7,TRUE,512,96,184.4872742,23352,mae,0.449606376
ETTh1,AutonLab/MOMENT-1-large,pca,7,7,TRUE,512,96,184.4872742,23352,scaled_mse,0.433010389
ETTh1,AutonLab/MOMENT-1-large,pca,7,7,TRUE,512,96,184.4872742,23352,scaled_mae,0.449901956
ETTh1,AutonLab/MOMENT-1-large,pca,7,1,FALSE,512,192,23.6575582,30994,mse,1.100744824
ETTh1,AutonLab/MOMENT-1-large,pca,7,1,FALSE,512,192,23.6575582,30994,mae,0.786782668
ETTh1,AutonLab/MOMENT-1-large,pca,7,1,FALSE,512,192,23.6575582,30994,scaled_mse,1.095988948
ETTh1,AutonLab/MOMENT-1-large,pca,7,1,FALSE,512,192,23.6575582,30994,scaled_mae,0.787772093
ETTh1,AutonLab/MOMENT-1-large,pca,7,2,FALSE,512,192,31.98524141,30994,mse,1.082066519
ETTh1,AutonLab/MOMENT-1-large,pca,7,2,FALSE,512,192,31.98524141,30994,mae,0.787849112
ETTh1,AutonLab/MOMENT-1-large,pca,7,2,FALSE,512,192,31.98524141,30994,scaled_mse,1.076939851
ETTh1,AutonLab/MOMENT-1-large,pca,7,2,FALSE,512,192,31.98524141,30994,scaled_mae,0.788518975
ETTh1,AutonLab/MOMENT-1-large,pca,7,3,FALSE,512,192,41.57688785,30994,mse,1.081794026
ETTh1,AutonLab/MOMENT-1-large,pca,7,3,FALSE,512,192,41.57688785,30994,mae,0.789537237
ETTh1,AutonLab/MOMENT-1-large,pca,7,3,FALSE,512,192,41.57688785,30994,scaled_mse,1.075567881
ETTh1,AutonLab/MOMENT-1-large,pca,7,3,FALSE,512,192,41.57688785,30994,scaled_mae,0.789685087
ETTh1,AutonLab/MOMENT-1-large,pca,7,4,FALSE,512,192,53.23286915,30994,mse,0.894034278
ETTh1,AutonLab/MOMENT-1-large,pca,7,4,FALSE,512,192,53.23286915,30994,mae,0.674131887
ETTh1,AutonLab/MOMENT-1-large,pca,7,4,FALSE,512,192,53.23286915,30994,scaled_mse,0.894418212
ETTh1,AutonLab/MOMENT-1-large,pca,7,4,FALSE,512,192,53.23286915,30994,scaled_mae,0.676287682
ETTh1,AutonLab/MOMENT-1-large,pca,7,5,FALSE,512,192,63.45406103,30994,mse,0.715322585
ETTh1,AutonLab/MOMENT-1-large,pca,7,5,FALSE,512,192,63.45406103,30994,mae,0.579579938
ETTh1,AutonLab/MOMENT-1-large,pca,7,5,FALSE,512,192,63.45406103,30994,scaled_mse,0.713993951
ETTh1,AutonLab/MOMENT-1-large,pca,7,5,FALSE,512,192,63.45406103,30994,scaled_mae,0.580493098
ETTh1,AutonLab/MOMENT-1-large,pca,7,6,FALSE,512,192,74.11976147,30994,mse,0.716737498
ETTh1,AutonLab/MOMENT-1-large,pca,7,6,FALSE,512,192,74.11976147,30994,mae,0.580309821
ETTh1,AutonLab/MOMENT-1-large,pca,7,6,FALSE,512,192,74.11976147,30994,scaled_mse,0.715403237
ETTh1,AutonLab/MOMENT-1-large,pca,7,6,FALSE,512,192,74.11976147,30994,scaled_mae,0.58122093
ETTh1,AutonLab/MOMENT-1-large,pca,7,7,FALSE,512,192,85.41486144,30994,mse,0.717039188
ETTh1,AutonLab/MOMENT-1-large,pca,7,7,FALSE,512,192,85.41486144,30994,mae,0.580626748
ETTh1,AutonLab/MOMENT-1-large,pca,7,7,FALSE,512,192,85.41486144,30994,scaled_mse,0.715699752
ETTh1,AutonLab/MOMENT-1-large,pca,7,7,FALSE,512,192,85.41486144,30994,scaled_mae,0.58153691
ETTh1,AutonLab/MOMENT-1-large,pca,7,1,FALSE,512,96,19.37196755,24270,mse,1.097410667
ETTh1,AutonLab/MOMENT-1-large,pca,7,1,FALSE,512,96,19.37196755,24270,mae,0.7836621
ETTh1,AutonLab/MOMENT-1-large,pca,7,1,FALSE,512,96,19.37196755,24270,scaled_mse,1.093812428
ETTh1,AutonLab/MOMENT-1-large,pca,7,1,FALSE,512,96,19.37196755,24270,scaled_mae,0.785081132
ETTh1,AutonLab/MOMENT-1-large,pca,7,2,FALSE,512,96,29.15450335,24270,mse,1.074508327
ETTh1,AutonLab/MOMENT-1-large,pca,7,2,FALSE,512,96,29.15450335,24270,mae,0.780791583
ETTh1,AutonLab/MOMENT-1-large,pca,7,2,FALSE,512,96,29.15450335,24270,scaled_mse,1.070728984
ETTh1,AutonLab/MOMENT-1-large,pca,7,2,FALSE,512,96,29.15450335,24270,scaled_mae,0.781990012
ETTh1,AutonLab/MOMENT-1-large,pca,7,3,FALSE,512,96,39.90047383,24270,mse,1.07466796
ETTh1,AutonLab/MOMENT-1-large,pca,7,3,FALSE,512,96,39.90047383,24270,mae,0.782565152
ETTh1,AutonLab/MOMENT-1-large,pca,7,3,FALSE,512,96,39.90047383,24270,scaled_mse,1.069607457
ETTh1,AutonLab/MOMENT-1-large,pca,7,3,FALSE,512,96,39.90047383,24270,scaled_mae,0.783152969
ETTh1,AutonLab/MOMENT-1-large,pca,7,1,FALSE,512,192,21.66376209,27031,mse,1.099886237
ETTh1,AutonLab/MOMENT-1-large,pca,7,1,FALSE,512,192,21.66376209,27031,mae,0.786733863
ETTh1,AutonLab/MOMENT-1-large,pca,7,1,FALSE,512,192,21.66376209,27031,scaled_mse,1.095134952
ETTh1,AutonLab/MOMENT-1-large,pca,7,1,FALSE,512,192,21.66376209,27031,scaled_mae,0.787723682
ETTh1,AutonLab/MOMENT-1-large,pca,7,2,FALSE,512,192,29.97102237,27031,mse,1.083050396
ETTh1,AutonLab/MOMENT-1-large,pca,7,2,FALSE,512,192,29.97102237,27031,mae,0.788059654
ETTh1,AutonLab/MOMENT-1-large,pca,7,2,FALSE,512,192,29.97102237,27031,scaled_mse,1.077924951
ETTh1,AutonLab/MOMENT-1-large,pca,7,2,FALSE,512,192,29.97102237,27031,scaled_mae,0.788731474
ETTh1,AutonLab/MOMENT-1-large,,7,7,FALSE,512,192,81.64724135,19467,mse,0.71844941
ETTh1,AutonLab/MOMENT-1-large,,7,7,FALSE,512,192,81.64724135,19467,mae,0.580560799
ETTh1,AutonLab/MOMENT-1-large,,7,7,FALSE,512,192,81.64724135,19467,scaled_mse,0.717142712
ETTh1,AutonLab/MOMENT-1-large,,7,7,FALSE,512,192,81.64724135,19467,scaled_mae,0.581477168
ETTh1,AutonLab/MOMENT-1-large,pca,7,3,FALSE,512,192,40.31334519,27031,mse,1.084877476
ETTh1,AutonLab/MOMENT-1-large,pca,7,3,FALSE,512,192,40.31334519,27031,mae,0.790435912
ETTh1,AutonLab/MOMENT-1-large,pca,7,3,FALSE,512,192,40.31334519,27031,scaled_mse,1.078661558
ETTh1,AutonLab/MOMENT-1-large,pca,7,3,FALSE,512,192,40.31334519,27031,scaled_mae,0.790585377
ETTh1,AutonLab/MOMENT-1-large,,7,7,TRUE,512,192,175.8976912,11038,mse,0.443111175
ETTh1,AutonLab/MOMENT-1-large,,7,7,TRUE,512,192,175.8976912,11038,mae,0.447275751
ETTh1,AutonLab/MOMENT-1-large,,7,7,TRUE,512,192,175.8976912,11038,scaled_mse,0.441769772
ETTh1,AutonLab/MOMENT-1-large,,7,7,TRUE,512,192,175.8976912,11038,scaled_mae,0.448093375
ETTh1,AutonLab/MOMENT-1-large,pca,7,4,FALSE,512,192,49.60359931,27031,mse,0.893965769
ETTh1,AutonLab/MOMENT-1-large,pca,7,4,FALSE,512,192,49.60359931,27031,mae,0.673914804
ETTh1,AutonLab/MOMENT-1-large,pca,7,4,FALSE,512,192,49.60359931,27031,scaled_mse,0.894376576
ETTh1,AutonLab/MOMENT-1-large,pca,7,4,FALSE,512,192,49.60359931,27031,scaled_mae,0.676076859
ETTh1,AutonLab/MOMENT-1-large,pca,7,5,FALSE,512,192,61.200598,27031,mse,0.716634483
ETTh1,AutonLab/MOMENT-1-large,pca,7,5,FALSE,512,192,61.200598,27031,mae,0.580890242
ETTh1,AutonLab/MOMENT-1-large,pca,7,5,FALSE,512,192,61.200598,27031,scaled_mse,0.715269549
ETTh1,AutonLab/MOMENT-1-large,pca,7,5,FALSE,512,192,61.200598,27031,scaled_mae,0.581795275
ETTh1,AutonLab/MOMENT-1-large,pca,7,6,FALSE,512,192,71.25375366,27031,mse,0.715631254
ETTh1,AutonLab/MOMENT-1-large,pca,7,6,FALSE,512,192,71.25375366,27031,mae,0.57983639
ETTh1,AutonLab/MOMENT-1-large,pca,7,6,FALSE,512,192,71.25375366,27031,scaled_mse,0.714319306
ETTh1,AutonLab/MOMENT-1-large,pca,7,6,FALSE,512,192,71.25375366,27031,scaled_mae,0.580755999
ETTh1,AutonLab/MOMENT-1-large,pca,7,7,FALSE,512,192,81.44177389,27031,mse,0.713957386
ETTh1,AutonLab/MOMENT-1-large,pca,7,7,FALSE,512,192,81.44177389,27031,mae,0.578683315
ETTh1,AutonLab/MOMENT-1-large,pca,7,7,FALSE,512,192,81.44177389,27031,scaled_mse,0.712632949
ETTh1,AutonLab/MOMENT-1-large,pca,7,7,FALSE,512,192,81.44177389,27031,scaled_mae,0.579597139
ETTh1,AutonLab/MOMENT-1-large,pca,7,1,True,512,192,74.24079084396362,3886,mse,1.026940541056035
ETTh1,AutonLab/MOMENT-1-large,pca,7,1,True,512,192,74.24079084396362,3886,mae,0.7642109834481217
ETTh1,AutonLab/MOMENT-1-large,pca,7,1,True,512,192,74.24079084396362,3886,scaled_mse,1.0223201301259168
ETTh1,AutonLab/MOMENT-1-large,pca,7,1,True,512,192,74.24079084396362,3886,scaled_mae,0.765086198661998
ETTh1,AutonLab/MOMENT-1-large,pca,7,2,True,512,192,73.81024408340454,3886,mse,0.935170301677596
ETTh1,AutonLab/MOMENT-1-large,pca,7,2,True,512,192,73.81024408340454,3886,mae,0.749072544361326
ETTh1,AutonLab/MOMENT-1-large,pca,7,2,True,512,192,73.81024408340454,3886,scaled_mse,0.9275614576227204
ETTh1,AutonLab/MOMENT-1-large,pca,7,2,True,512,192,73.81024408340454,3886,scaled_mae,0.7490951790049708
ETTh1,AutonLab/MOMENT-1-large,pca,7,3,True,512,192,92.34485411643982,3886,mse,0.8940116159955215
ETTh1,AutonLab/MOMENT-1-large,pca,7,3,True,512,192,92.34485411643982,3886,mae,0.7155582816214638
ETTh1,AutonLab/MOMENT-1-large,pca,7,3,True,512,192,92.34485411643982,3886,scaled_mse,0.8863415412776933
ETTh1,AutonLab/MOMENT-1-large,pca,7,3,True,512,192,92.34485411643982,3886,scaled_mae,0.7151328164135108
ETTh1,AutonLab/MOMENT-1-large,pca,7,4,True,512,192,113.60983467102051,3886,mse,0.6858645808837368
ETTh1,AutonLab/MOMENT-1-large,pca,7,4,True,512,192,113.60983467102051,3886,mae,0.6014865556795251
ETTh1,AutonLab/MOMENT-1-large,pca,7,4,True,512,192,113.60983467102051,3886,scaled_mse,0.6835442068004617
ETTh1,AutonLab/MOMENT-1-large,pca,7,4,True,512,192,113.60983467102051,3886,scaled_mae,0.6032307706357959
ETTh1,AutonLab/MOMENT-1-large,pca,7,5,True,512,192,132.43922877311707,3886,mse,0.48407738651951215
ETTh1,AutonLab/MOMENT-1-large,pca,7,5,True,512,192,132.43922877311707,3886,mae,0.4834334905982017
ETTh1,AutonLab/MOMENT-1-large,pca,7,5,True,512,192,132.43922877311707,3886,scaled_mse,0.48192178382406714
ETTh1,AutonLab/MOMENT-1-large,pca,7,5,True,512,192,132.43922877311707,3886,scaled_mae,0.48401386962724857
ETTh1,AutonLab/MOMENT-1-large,pca,7,6,True,512,192,156.77637815475464,3886,mse,0.4810732847820539
ETTh1,AutonLab/MOMENT-1-large,pca,7,6,True,512,192,156.77637815475464,3886,mae,0.4806301834285524
ETTh1,AutonLab/MOMENT-1-large,pca,7,6,True,512,192,156.77637815475464,3886,scaled_mse,0.47896792780827335
ETTh1,AutonLab/MOMENT-1-large,pca,7,6,True,512,192,156.77637815475464,3886,scaled_mae,0.48122543835330683
ETTh1,AutonLab/MOMENT-1-large,pca,7,7,True,512,192,176.6594910621643,3886,mse,0.47978873953697543
ETTh1,AutonLab/MOMENT-1-large,pca,7,7,True,512,192,176.6594910621643,3886,mae,0.47966000535702025
ETTh1,AutonLab/MOMENT-1-large,pca,7,7,True,512,192,176.6594910621643,3886,scaled_mse,0.4777569477996841
ETTh1,AutonLab/MOMENT-1-large,pca,7,7,True,512,192,176.6594910621643,3886,scaled_mae,0.48028466996145247
ETTh1,AutonLab/MOMENT-1-large,pca,7,1,False,512,336,19.18208885192871,14387,mse,1.0944861766365193
ETTh1,AutonLab/MOMENT-1-large,pca,7,1,False,512,336,19.18208885192871,14387,mae,0.7894685735550131
ETTh1,AutonLab/MOMENT-1-large,pca,7,1,False,512,336,19.18208885192871,14387,scaled_mse,1.0886797254870364
ETTh1,AutonLab/MOMENT-1-large,pca,7,1,False,512,336,19.18208885192871,14387,scaled_mae,0.7895950203234711
ETTh1,AutonLab/MOMENT-1-large,pca,7,1,True,512,336,67.50080633163452,825,mse,1.0302332069265325
ETTh1,AutonLab/MOMENT-1-large,pca,7,1,True,512,336,67.50080633163452,825,mae,0.7558729347443209
ETTh1,AutonLab/MOMENT-1-large,pca,7,1,True,512,336,67.50080633163452,825,scaled_mse,1.0227738551495191
ETTh1,AutonLab/MOMENT-1-large,pca,7,1,True,512,336,67.50080633163452,825,scaled_mae,0.7555817518084815
ETTh1,AutonLab/MOMENT-1-large,pca,7,2,False,512,336,27.59859037399292,14387,mse,1.0811049946708042
ETTh1,AutonLab/MOMENT-1-large,pca,7,2,False,512,336,27.59859037399292,14387,mae,0.7941853926851096
ETTh1,AutonLab/MOMENT-1-large,pca,7,2,False,512,336,27.59859037399292,14387,scaled_mse,1.0747532662599946
ETTh1,AutonLab/MOMENT-1-large,pca,7,2,False,512,336,27.59859037399292,14387,scaled_mae,0.7939962522678888
ETTh1,AutonLab/MOMENT-1-large,pca,7,1,False,512,720,20.902070999145508,1489,mse,1.0869939263934625
ETTh1,AutonLab/MOMENT-1-large,pca,7,1,False,512,720,20.902070999145508,1489,mae,0.7970314729997806
ETTh1,AutonLab/MOMENT-1-large,pca,7,1,False,512,720,20.902070999145508,1489,scaled_mse,1.1003815331932274
ETTh1,AutonLab/MOMENT-1-large,pca,7,1,False,512,720,20.902070999145508,1489,scaled_mae,0.7990673097740931
ETTh1,AutonLab/MOMENT-1-large,pca,7,2,False,512,720,27.051822423934937,1489,mse,1.0917979926072077
ETTh1,AutonLab/MOMENT-1-large,pca,7,2,False,512,720,27.051822423934937,1489,mae,0.8138233504304644
ETTh1,AutonLab/MOMENT-1-large,pca,7,2,False,512,720,27.051822423934937,1489,scaled_mse,1.1054962155660062
ETTh1,AutonLab/MOMENT-1-large,pca,7,2,False,512,720,27.051822423934937,1489,scaled_mae,0.8170918087375382
ETTh1,AutonLab/MOMENT-1-large,pca,7,3,False,512,336,38.1805145740509,14387,mse,1.0827355487564554
ETTh1,AutonLab/MOMENT-1-large,pca,7,3,False,512,336,38.1805145740509,14387,mae,0.7977098820047587
ETTh1,AutonLab/MOMENT-1-large,pca,7,3,False,512,336,38.1805145740509,14387,scaled_mse,1.0754395437167181
ETTh1,AutonLab/MOMENT-1-large,pca,7,3,False,512,336,38.1805145740509,14387,scaled_mae,0.7970781778642683
ETTh1,AutonLab/MOMENT-1-large,pca,7,3,False,512,720,35.011613845825195,1489,mse,1.0918334074121814
ETTh1,AutonLab/MOMENT-1-large,pca,7,3,False,512,720,35.011613845825195,1489,mae,0.8157051299239594
ETTh1,AutonLab/MOMENT-1-large,pca,7,3,False,512,720,35.011613845825195,1489,scaled_mse,1.104056732095742
ETTh1,AutonLab/MOMENT-1-large,pca,7,3,False,512,720,35.011613845825195,1489,scaled_mae,0.8184290326897088
ETTh1,AutonLab/MOMENT-1-large,pca,7,2,True,512,336,73.52825140953064,825,mse,0.9381079635525327
ETTh1,AutonLab/MOMENT-1-large,pca,7,2,True,512,336,73.52825140953064,825,mae,0.7464943867550382
ETTh1,AutonLab/MOMENT-1-large,pca,7,2,True,512,336,73.52825140953064,825,scaled_mse,0.9258466764034277
ETTh1,AutonLab/MOMENT-1-large,pca,7,2,True,512,336,73.52825140953064,825,scaled_mae,0.745038371201791
ETTh1,AutonLab/MOMENT-1-large,pca,7,4,False,512,336,47.22515249252319,14387,mse,0.846948542684881
ETTh1,AutonLab/MOMENT-1-large,pca,7,4,False,512,336,47.22515249252319,14387,mae,0.6540864463982149
ETTh1,AutonLab/MOMENT-1-large,pca,7,4,False,512,336,47.22515249252319,14387,scaled_mse,0.8521045475862511
ETTh1,AutonLab/MOMENT-1-large,pca,7,4,False,512,336,47.22515249252319,14387,scaled_mae,0.6569788754313052
ETTh1,AutonLab/MOMENT-1-large,pca,7,4,False,512,720,43.800372838974,1489,mse,0.8769058118730959
ETTh1,AutonLab/MOMENT-1-large,pca,7,4,False,512,720,43.800372838974,1489,mae,0.6920950357098778
ETTh1,AutonLab/MOMENT-1-large,pca,7,4,False,512,720,43.800372838974,1489,scaled_mse,0.9085334269662594
ETTh1,AutonLab/MOMENT-1-large,pca,7,4,False,512,720,43.800372838974,1489,scaled_mae,0.699826794040233
ETTh1,AutonLab/MOMENT-1-large,pca,7,1,True,512,720,68.73867893218994,25705,mse,1.017842894049318
ETTh1,AutonLab/MOMENT-1-large,pca,7,1,True,512,720,68.73867893218994,25705,mae,0.7576048783194366
ETTh1,AutonLab/MOMENT-1-large,pca,7,1,True,512,720,68.73867893218994,25705,scaled_mse,1.0167649194676722
ETTh1,AutonLab/MOMENT-1-large,pca,7,1,True,512,720,68.73867893218994,25705,scaled_mae,0.756600191753302
ETTh1,AutonLab/MOMENT-1-large,pca,7,5,False,512,336,57.1098051071167,14387,mse,0.7078334363757727
ETTh1,AutonLab/MOMENT-1-large,pca,7,5,False,512,336,57.1098051071167,14387,mae,0.5850680148475362
ETTh1,AutonLab/MOMENT-1-large,pca,7,5,False,512,336,57.1098051071167,14387,scaled_mse,0.7110236957445538
ETTh1,AutonLab/MOMENT-1-large,pca,7,5,False,512,336,57.1098051071167,14387,scaled_mae,0.5868539354797385
ETTh1,AutonLab/MOMENT-1-large,pca,7,5,False,512,720,51.557310581207275,1489,mse,0.7113217708607139
ETTh1,AutonLab/MOMENT-1-large,pca,7,5,False,512,720,51.557310581207275,1489,mae,0.6049981550581355
ETTh1,AutonLab/MOMENT-1-large,pca,7,5,False,512,720,51.557310581207275,1489,scaled_mse,0.7496878047910872
ETTh1,AutonLab/MOMENT-1-large,pca,7,5,False,512,720,51.557310581207275,1489,scaled_mae,0.6148412256757836
ETTh1,AutonLab/MOMENT-1-large,pca,7,3,True,512,336,92.92583894729614,825,mse,0.8832355539270117
ETTh1,AutonLab/MOMENT-1-large,pca,7,3,True,512,336,92.92583894729614,825,mae,0.7069740940268235
ETTh1,AutonLab/MOMENT-1-large,pca,7,3,True,512,336,92.92583894729614,825,scaled_mse,0.871424576565305
ETTh1,AutonLab/MOMENT-1-large,pca,7,3,True,512,336,92.92583894729614,825,scaled_mae,0.7049525317351287
ETTh1,AutonLab/MOMENT-1-large,pca,7,2,True,512,720,74.3454864025116,25705,mse,1.0903401170403397
ETTh1,AutonLab/MOMENT-1-large,pca,7,2,True,512,720,74.3454864025116,25705,mae,0.8157112276201458
ETTh1,AutonLab/MOMENT-1-large,pca,7,2,True,512,720,74.3454864025116,25705,scaled_mse,1.0758529967926789
ETTh1,AutonLab/MOMENT-1-large,pca,7,2,True,512,720,74.3454864025116,25705,scaled_mae,0.8142924710863356
ETTh1,AutonLab/MOMENT-1-large,pca,7,6,False,512,336,67.34333825111389,14387,mse,0.7063898474606582
ETTh1,AutonLab/MOMENT-1-large,pca,7,6,False,512,336,67.34333825111389,14387,mae,0.5843599414924934
ETTh1,AutonLab/MOMENT-1-large,pca,7,6,False,512,336,67.34333825111389,14387,scaled_mse,0.7096106228439605
ETTh1,AutonLab/MOMENT-1-large,pca,7,6,False,512,336,67.34333825111389,14387,scaled_mae,0.5861565325763651
ETTh1,AutonLab/MOMENT-1-large,pca,7,6,False,512,720,59.7217903137207,1489,mse,0.712481443938931
ETTh1,AutonLab/MOMENT-1-large,pca,7,6,False,512,720,59.7217903137207,1489,mae,0.6055092195842678
ETTh1,AutonLab/MOMENT-1-large,pca,7,6,False,512,720,59.7217903137207,1489,scaled_mse,0.7509726944892927
ETTh1,AutonLab/MOMENT-1-large,pca,7,6,False,512,720,59.7217903137207,1489,scaled_mae,0.6153813317143525
ETTh1,AutonLab/MOMENT-1-large,pca,7,4,True,512,336,111.79875755310059,825,mse,0.6371784074127202
ETTh1,AutonLab/MOMENT-1-large,pca,7,4,True,512,336,111.79875755310059,825,mae,0.5801704077312997
ETTh1,AutonLab/MOMENT-1-large,pca,7,4,True,512,336,111.79875755310059,825,scaled_mse,0.6400116316759448
ETTh1,AutonLab/MOMENT-1-large,pca,7,4,True,512,336,111.79875755310059,825,scaled_mae,0.5830612146580586
ETTh1,AutonLab/MOMENT-1-large,pca,7,7,False,512,720,67.84650778770447,1489,mse,0.7112012689730464
ETTh1,AutonLab/MOMENT-1-large,pca,7,7,False,512,720,67.84650778770447,1489,mae,0.6047665101932869
ETTh1,AutonLab/MOMENT-1-large,pca,7,7,False,512,720,67.84650778770447,1489,scaled_mse,0.749668407376092
ETTh1,AutonLab/MOMENT-1-large,pca,7,7,False,512,720,67.84650778770447,1489,scaled_mae,0.6146170612464336
ETTh1,AutonLab/MOMENT-1-large,pca,7,7,False,512,336,78.05248165130615,14387,mse,0.706661840985123
ETTh1,AutonLab/MOMENT-1-large,pca,7,7,False,512,336,78.05248165130615,14387,mae,0.5848911046975075
ETTh1,AutonLab/MOMENT-1-large,pca,7,7,False,512,336,78.05248165130615,14387,scaled_mse,0.7098345014714472
ETTh1,AutonLab/MOMENT-1-large,pca,7,7,False,512,336,78.05248165130615,14387,scaled_mae,0.5866780429129387
ETTh1,AutonLab/MOMENT-1-large,pca,7,3,True,512,720,90.1136863231659,25705,mse,1.0260845136108012
ETTh1,AutonLab/MOMENT-1-large,pca,7,3,True,512,720,90.1136863231659,25705,mae,0.7738810218365636
ETTh1,AutonLab/MOMENT-1-large,pca,7,3,True,512,720,90.1136863231659,25705,scaled_mse,1.015374111232904
ETTh1,AutonLab/MOMENT-1-large,pca,7,3,True,512,720,90.1136863231659,25705,scaled_mae,0.7727989579758765
ETTh1,AutonLab/MOMENT-1-large,pca,7,5,True,512,336,131.0393624305725,825,mse,0.4910217992308948
ETTh1,AutonLab/MOMENT-1-large,pca,7,5,True,512,336,131.0393624305725,825,mae,0.49171551511354195
ETTh1,AutonLab/MOMENT-1-large,pca,7,5,True,512,336,131.0393624305725,825,scaled_mse,0.4912402991405735
ETTh1,AutonLab/MOMENT-1-large,pca,7,5,True,512,336,131.0393624305725,825,scaled_mae,0.4928761055653946
ETTh1,AutonLab/MOMENT-1-large,pca,7,4,True,512,720,106.57775473594666,25705,mse,0.7977371557213635
ETTh1,AutonLab/MOMENT-1-large,pca,7,4,True,512,720,106.57775473594666,25705,mae,0.673516552444881
ETTh1,AutonLab/MOMENT-1-large,pca,7,4,True,512,720,106.57775473594666,25705,scaled_mse,0.8041383655781679
ETTh1,AutonLab/MOMENT-1-large,pca,7,4,True,512,720,106.57775473594666,25705,scaled_mae,0.6768656636216037
ETTh1,AutonLab/MOMENT-1-large,pca,7,5,True,512,720,125.27774214744568,25705,mse,0.6012670052820582
ETTh1,AutonLab/MOMENT-1-large,pca,7,5,True,512,720,125.27774214744568,25705,mae,0.5745980337932418
ETTh1,AutonLab/MOMENT-1-large,pca,7,5,True,512,720,125.27774214744568,25705,scaled_mse,0.618060336459983
ETTh1,AutonLab/MOMENT-1-large,pca,7,5,True,512,720,125.27774214744568,25705,scaled_mae,0.579608014907489
ETTh1,AutonLab/MOMENT-1-large,pca,7,6,True,512,336,154.42303824424744,825,mse,0.490830492725883
ETTh1,AutonLab/MOMENT-1-large,pca,7,6,True,512,336,154.42303824424744,825,mae,0.4912965672788671
ETTh1,AutonLab/MOMENT-1-large,pca,7,6,True,512,336,154.42303824424744,825,scaled_mse,0.4910273259443246
ETTh1,AutonLab/MOMENT-1-large,pca,7,6,True,512,336,154.42303824424744,825,scaled_mae,0.49245459914609385
ETTh1,AutonLab/MOMENT-1-large,pca,7,6,True,512,720,144.7680540084839,25705,mse,0.5958557715218044
ETTh1,AutonLab/MOMENT-1-large,pca,7,6,True,512,720,144.7680540084839,25705,mae,0.5722873803384276
ETTh1,AutonLab/MOMENT-1-large,pca,7,6,True,512,720,144.7680540084839,25705,scaled_mse,0.6123018025321119
ETTh1,AutonLab/MOMENT-1-large,pca,7,6,True,512,720,144.7680540084839,25705,scaled_mae,0.5772423964329135
ETTh1,AutonLab/MOMENT-1-large,pca,7,7,True,512,336,174.95809149742126,825,mse,0.4846664768141826
ETTh1,AutonLab/MOMENT-1-large,pca,7,7,True,512,336,174.95809149742126,825,mae,0.4870736267894534
ETTh1,AutonLab/MOMENT-1-large,pca,7,7,True,512,336,174.95809149742126,825,scaled_mse,0.48495580611883454
ETTh1,AutonLab/MOMENT-1-large,pca,7,7,True,512,336,174.95809149742126,825,scaled_mae,0.48826419330655607
ETTh1,AutonLab/MOMENT-1-large,pca,7,7,True,512,720,163.212176322937,25705,mse,0.5945278371001006
ETTh1,AutonLab/MOMENT-1-large,pca,7,7,True,512,720,163.212176322937,25705,mae,0.5710051012430315
ETTh1,AutonLab/MOMENT-1-large,pca,7,7,True,512,720,163.212176322937,25705,scaled_mse,0.6107336216503354
ETTh1,AutonLab/MOMENT-1-large,pca,7,7,True,512,720,163.212176322937,25705,scaled_mae,0.5759170401234243
ETTh1,AutonLab/MOMENT-1-large,,7,7,False,512,336,82.60132479667664,11340,mse,0.7055028809194265
ETTh1,AutonLab/MOMENT-1-large,,7,7,False,512,336,82.60132479667664,11340,mae,0.583058093542081
ETTh1,AutonLab/MOMENT-1-large,,7,7,False,512,336,82.60132479667664,11340,scaled_mse,0.708781998241657
ETTh1,AutonLab/MOMENT-1-large,,7,7,False,512,336,82.60132479667664,11340,scaled_mae,0.5848649013898647
ETTh1,AutonLab/MOMENT-1-large,,7,7,False,512,720,73.31557273864746,16247,mse,0.7116221062445552
ETTh1,AutonLab/MOMENT-1-large,,7,7,False,512,720,73.31557273864746,16247,mae,0.6048790612403994
ETTh1,AutonLab/MOMENT-1-large,,7,7,False,512,720,73.31557273864746,16247,scaled_mse,0.7502434627416414
ETTh1,AutonLab/MOMENT-1-large,,7,7,False,512,720,73.31557273864746,16247,scaled_mae,0.6147876884036688
ETTh1,AutonLab/MOMENT-1-large,,7,7,True,512,336,180.83804607391357,14915,mse,0.4532647435727594
ETTh1,AutonLab/MOMENT-1-large,,7,7,True,512,336,180.83804607391357,14915,mae,0.45475420975208836
ETTh1,AutonLab/MOMENT-1-large,,7,7,True,512,336,180.83804607391357,14915,scaled_mse,0.45384900115185034
ETTh1,AutonLab/MOMENT-1-large,,7,7,True,512,336,180.83804607391357,14915,scaled_mae,0.4559605903501853
ETTh1,AutonLab/MOMENT-1-large,,7,7,True,512,720,169.74024295806885,22669,mse,0.484505661106561
ETTh1,AutonLab/MOMENT-1-large,,7,7,True,512,720,169.74024295806885,22669,mae,0.48346801339167245
ETTh1,AutonLab/MOMENT-1-large,,7,7,True,512,720,169.74024295806885,22669,scaled_mse,0.5023801738758176
ETTh1,AutonLab/MOMENT-1-large,,7,7,True,512,720,169.74024295806885,22669,scaled_mae,0.4892716225852744
ETTh2,AutonLab/MOMENT-1-large,pca,7,1,False,512,96,24.794371843338013,2244,mse,1.6421831498915505
ETTh2,AutonLab/MOMENT-1-large,pca,7,1,False,512,96,24.794371843338013,2244,mae,1.1248385236983522
ETTh2,AutonLab/MOMENT-1-large,pca,7,1,False,512,96,24.794371843338013,2244,scaled_mse,1.600317476467181
ETTh2,AutonLab/MOMENT-1-large,pca,7,1,False,512,96,24.794371843338013,2244,scaled_mae,1.1121707188174699
ETTh2,AutonLab/MOMENT-1-large,pca,7,2,False,512,96,33.2828631401062,2244,mse,0.9503507821317525
ETTh2,AutonLab/MOMENT-1-large,pca,7,2,False,512,96,33.2828631401062,2244,mae,0.7517138750086477
ETTh2,AutonLab/MOMENT-1-large,pca,7,2,False,512,96,33.2828631401062,2244,scaled_mse,0.9565500979560655
ETTh2,AutonLab/MOMENT-1-large,pca,7,2,False,512,96,33.2828631401062,2244,scaled_mae,0.7514651201576836
ETTh2,AutonLab/MOMENT-1-large,,7,7,False,512,96,86.78308963775635,29801,mse,0.3724187584077654
ETTh2,AutonLab/MOMENT-1-large,,7,7,False,512,96,86.78308963775635,29801,mae,0.4157284933880664
ETTh2,AutonLab/MOMENT-1-large,,7,7,False,512,96,86.78308963775635,29801,scaled_mse,0.37157596712890795
ETTh2,AutonLab/MOMENT-1-large,,7,7,False,512,96,86.78308963775635,29801,scaled_mae,0.4144483856970033
ETTh2,AutonLab/MOMENT-1-large,,7,7,True,512,96,188.98429012298584,13111,mse,0.3081005718047221
ETTh2,AutonLab/MOMENT-1-large,,7,7,True,512,96,188.98429012298584,13111,mae,0.3572160393863027
ETTh2,AutonLab/MOMENT-1-large,,7,7,True,512,96,188.98429012298584,13111,scaled_mse,0.3068101882064707
ETTh2,AutonLab/MOMENT-1-large,,7,7,True,512,96,188.98429012298584,13111,scaled_mae,0.35595828778612276
ETTh2,AutonLab/MOMENT-1-large,pca,7,3,False,512,96,44.72790241241455,2244,mse,0.9298814027912318
ETTh2,AutonLab/MOMENT-1-large,pca,7,3,False,512,96,44.72790241241455,2244,mae,0.7196353718657352
ETTh2,AutonLab/MOMENT-1-large,pca,7,3,False,512,96,44.72790241241455,2244,scaled_mse,0.9357706860271401
ETTh2,AutonLab/MOMENT-1-large,pca,7,3,False,512,96,44.72790241241455,2244,scaled_mae,0.7197232796852602
ETTh2,AutonLab/MOMENT-1-large,pca,7,4,False,512,96,52.958624839782715,2244,mse,0.9047788255179676
ETTh2,AutonLab/MOMENT-1-large,pca,7,4,False,512,96,52.958624839782715,2244,mae,0.6925659256315823
ETTh2,AutonLab/MOMENT-1-large,pca,7,4,False,512,96,52.958624839782715,2244,scaled_mse,0.9059966730647758
ETTh2,AutonLab/MOMENT-1-large,pca,7,4,False,512,96,52.958624839782715,2244,scaled_mae,0.6920745534746819
ETTh2,AutonLab/MOMENT-1-large,pca,7,5,False,512,96,64.78422522544861,2244,mse,0.8089735607664221
ETTh2,AutonLab/MOMENT-1-large,pca,7,5,False,512,96,64.78422522544861,2244,mae,0.6969786955526569
ETTh2,AutonLab/MOMENT-1-large,pca,7,5,False,512,96,64.78422522544861,2244,scaled_mse,0.8135051663805327
ETTh2,AutonLab/MOMENT-1-large,pca,7,5,False,512,96,64.78422522544861,2244,scaled_mae,0.6963157381955416
ETTh2,AutonLab/MOMENT-1-large,pca,7,6,False,512,96,74.28688764572144,2244,mse,0.39079899359560755
ETTh2,AutonLab/MOMENT-1-large,pca,7,6,False,512,96,74.28688764572144,2244,mae,0.4372910423716055
ETTh2,AutonLab/MOMENT-1-large,pca,7,6,False,512,96,74.28688764572144,2244,scaled_mse,0.38955083509124616
ETTh2,AutonLab/MOMENT-1-large,pca,7,6,False,512,96,74.28688764572144,2244,scaled_mae,0.4356890489163985
ETTh2,AutonLab/MOMENT-1-large,pca,7,7,False,512,96,88.29814767837524,2244,mse,0.37255427484993237
ETTh2,AutonLab/MOMENT-1-large,pca,7,7,False,512,96,88.29814767837524,2244,mae,0.4162202451645204
ETTh2,AutonLab/MOMENT-1-large,pca,7,7,False,512,96,88.29814767837524,2244,scaled_mse,0.37169465995823353
ETTh2,AutonLab/MOMENT-1-large,pca,7,7,False,512,96,88.29814767837524,2244,scaled_mae,0.4149324346271769
ETTh2,AutonLab/MOMENT-1-large,pca,7,1,True,512,96,74.87449598312378,32195,mse,1.630673428173003
ETTh2,AutonLab/MOMENT-1-large,pca,7,1,True,512,96,74.87449598312378,32195,mae,1.1233161510278968
ETTh2,AutonLab/MOMENT-1-large,pca,7,1,True,512,96,74.87449598312378,32195,scaled_mse,1.5889333610530691
ETTh2,AutonLab/MOMENT-1-large,pca,7,1,True,512,96,74.87449598312378,32195,scaled_mae,1.1107697007843529
ETTh2,AutonLab/MOMENT-1-large,pca,7,2,True,512,96,88.58358407020569,32195,mse,0.9223736331177693
ETTh2,AutonLab/MOMENT-1-large,pca,7,2,True,512,96,88.58358407020569,32195,mae,0.7349099219118639
ETTh2,AutonLab/MOMENT-1-large,pca,7,2,True,512,96,88.58358407020569,32195,scaled_mse,0.9298819389010298
ETTh2,AutonLab/MOMENT-1-large,pca,7,2,True,512,96,88.58358407020569,32195,scaled_mae,0.7352356388983623
