dataset,foundational_model,adapter,n_features,n_components,is_fine_tuned,pca_in_preprocessing,use_revin,context_length,forecasting_horizon,running_time,seed,metric,value
Illness,AutonLab/MOMENT-1-small,linearAE,7,7,supervised,True,True,512.0,24,43.91713857650757,20823.0,scaled_mse,3.927081246954756
Illness,AutonLab/MOMENT-1-small,linearAE,7,7,supervised,True,True,512.0,24,43.91713857650757,20823.0,scaled_mae,1.039714893511863
Illness,AutonLab/MOMENT-1-small,linearAE,7,7,supervised,False,True,512.0,24,81.50726890563965,26349.0,mse,4.060460606185755
Illness,AutonLab/MOMENT-1-small,linearAE,7,7,supervised,False,True,512.0,24,81.50726890563965,26349.0,mae,1.4668161007068956
Illness,AutonLab/MOMENT-1-small,linearAE,7,7,supervised,False,True,512.0,24,81.50726890563965,26349.0,scaled_mse,4.010433624558075
Illness,AutonLab/MOMENT-1-small,linearAE,7,7,supervised,False,True,512.0,24,81.50726890563965,26349.0,scaled_mae,1.4699504924896234
Illness,AutonLab/MOMENT-1-small,,7,7,False,False,False,512.0,24,2.085345506668091,29230.0,mse,5.067483629147284
Illness,AutonLab/MOMENT-1-small,,7,7,False,False,False,512.0,24,2.085345506668091,29230.0,mae,1.602127035139496
Illness,AutonLab/MOMENT-1-small,,7,7,False,False,False,512.0,24,2.085345506668091,29230.0,scaled_mse,5.100779498249619
Illness,AutonLab/MOMENT-1-small,,7,7,False,False,False,512.0,24,2.085345506668091,29230.0,scaled_mae,1.6270444518690452
Illness,AutonLab/MOMENT-1-small,,7,7,False,False,False,512.0,24,1.9299297332763672,17930.0,mse,5.055280913988608
Illness,AutonLab/MOMENT-1-small,,7,7,False,False,False,512.0,24,1.9299297332763672,17930.0,mae,1.5982668024287079
Illness,AutonLab/MOMENT-1-small,,7,7,False,False,False,512.0,24,1.9299297332763672,17930.0,scaled_mse,5.091022657866804
Illness,AutonLab/MOMENT-1-small,,7,7,False,False,False,512.0,24,1.9299297332763672,17930.0,scaled_mae,1.6235566198241034
Illness,AutonLab/MOMENT-1-small,,7,7,False,False,False,512.0,24,1.8645730018615723,26473.0,mse,4.964218541620426
Illness,AutonLab/MOMENT-1-small,,7,7,False,False,False,512.0,24,1.8645730018615723,26473.0,mae,1.5937802425195304
Illness,AutonLab/MOMENT-1-small,,7,7,False,False,False,512.0,24,1.8645730018615723,26473.0,scaled_mse,4.995133114918155
Illness,AutonLab/MOMENT-1-small,,7,7,False,False,False,512.0,24,1.8645730018615723,26473.0,scaled_mae,1.6181502011176037
Illness,AutonLab/MOMENT-1-small,,7,7,False,False,False,512.0,24,2.0149850845336914,1973.0,mse,5.178568613635387
Illness,AutonLab/MOMENT-1-small,,7,7,False,False,False,512.0,24,2.0149850845336914,1973.0,mae,1.6043876339452747
Illness,AutonLab/MOMENT-1-small,,7,7,False,False,False,512.0,24,2.0149850845336914,1973.0,scaled_mse,5.219727027332248
Illness,AutonLab/MOMENT-1-small,,7,7,False,False,False,512.0,24,2.0149850845336914,1973.0,scaled_mae,1.6306972538836935
Illness,AutonLab/MOMENT-1-small,,7,7,False,False,False,512.0,24,1.9085478782653809,25900.0,mse,5.109605623301684
Illness,AutonLab/MOMENT-1-small,,7,7,False,False,False,512.0,24,1.9085478782653809,25900.0,mae,1.608567289831033
Illness,AutonLab/MOMENT-1-small,,7,7,False,False,False,512.0,24,1.9085478782653809,25900.0,scaled_mse,5.145637166875806
Illness,AutonLab/MOMENT-1-small,,7,7,False,False,False,512.0,24,1.9085478782653809,25900.0,scaled_mae,1.6338224140114082
Illness,AutonLab/MOMENT-1-small,linearAE,7,7,supervised,False,True,512.0,24,128.7216281890869,15726.0,mse,4.048512402797741
Illness,AutonLab/MOMENT-1-small,linearAE,7,7,supervised,False,True,512.0,24,128.7216281890869,15726.0,mae,1.4657059802488241
Illness,AutonLab/MOMENT-1-small,linearAE,7,7,supervised,False,True,512.0,24,128.7216281890869,15726.0,scaled_mse,3.9977189466846563
Illness,AutonLab/MOMENT-1-small,linearAE,7,7,supervised,False,True,512.0,24,128.7216281890869,15726.0,scaled_mae,1.4686605023643526
Illness,AutonLab/MOMENT-1-small,linearAE,7,7,supervised,False,True,512.0,24,89.88006830215454,24234.0,mse,4.054959455865444
Illness,AutonLab/MOMENT-1-small,linearAE,7,7,supervised,False,True,512.0,24,89.88006830215454,24234.0,mae,1.4642979331369608
Illness,AutonLab/MOMENT-1-small,linearAE,7,7,supervised,False,True,512.0,24,89.88006830215454,24234.0,scaled_mse,4.003384399332993
Illness,AutonLab/MOMENT-1-small,linearAE,7,7,supervised,False,True,512.0,24,89.88006830215454,24234.0,scaled_mae,1.467165955857248
Illness,AutonLab/MOMENT-1-small,,7,7,False,True,False,512.0,24,2.0120127201080322,3360.0,mse,5.061340537935462
Illness,AutonLab/MOMENT-1-small,,7,7,False,True,False,512.0,24,2.0120127201080322,3360.0,mae,1.5972193592371
Illness,AutonLab/MOMENT-1-small,,7,7,False,True,False,512.0,24,2.0120127201080322,3360.0,scaled_mse,5.093513733571131
Illness,AutonLab/MOMENT-1-small,,7,7,False,True,False,512.0,24,2.0120127201080322,3360.0,scaled_mae,1.143757592196837
Illness,AutonLab/MOMENT-1-small,linearAE,7,7,supervised,False,True,512.0,24,186.33520674705505,4372.0,mse,4.044083178933751
Illness,AutonLab/MOMENT-1-small,linearAE,7,7,supervised,False,True,512.0,24,186.33520674705505,4372.0,mae,1.4632882472831943
Illness,AutonLab/MOMENT-1-small,linearAE,7,7,supervised,False,True,512.0,24,186.33520674705505,4372.0,scaled_mse,3.9928059248962233
Illness,AutonLab/MOMENT-1-small,linearAE,7,7,supervised,False,True,512.0,24,186.33520674705505,4372.0,scaled_mae,1.4661335144247218
Illness,AutonLab/MOMENT-1-small,,7,7,False,True,False,512.0,24,2.383470058441162,28068.0,mse,5.23849683792627
Illness,AutonLab/MOMENT-1-small,,7,7,False,True,False,512.0,24,2.383470058441162,28068.0,mae,1.620916659860728
Illness,AutonLab/MOMENT-1-small,,7,7,False,True,False,512.0,24,2.383470058441162,28068.0,scaled_mse,5.283194683277658
Illness,AutonLab/MOMENT-1-small,,7,7,False,True,False,512.0,24,2.383470058441162,28068.0,scaled_mae,1.1604518927205434
Illness,AutonLab/MOMENT-1-small,,7,7,False,True,False,512.0,24,1.9989259243011475,6681.0,mse,5.134903187365533
Illness,AutonLab/MOMENT-1-small,,7,7,False,True,False,512.0,24,1.9989259243011475,6681.0,mae,1.6023895978834255
Illness,AutonLab/MOMENT-1-small,,7,7,False,True,False,512.0,24,1.9989259243011475,6681.0,scaled_mse,5.175598096670011
Illness,AutonLab/MOMENT-1-small,,7,7,False,True,False,512.0,24,1.9989259243011475,6681.0,scaled_mae,1.1488091738461201
Illness,AutonLab/MOMENT-1-small,,7,7,False,True,False,512.0,24,1.9380629062652588,19969.0,mse,4.91427684933154
Illness,AutonLab/MOMENT-1-small,,7,7,False,True,False,512.0,24,1.9380629062652588,19969.0,mae,1.5732915851723668
Illness,AutonLab/MOMENT-1-small,,7,7,False,True,False,512.0,24,1.9380629062652588,19969.0,scaled_mse,4.942773675454705
Illness,AutonLab/MOMENT-1-small,,7,7,False,True,False,512.0,24,1.9380629062652588,19969.0,scaled_mae,1.1263432162614537
Illness,AutonLab/MOMENT-1-small,,7,7,False,True,False,512.0,24,2.0090959072113037,20226.0,mse,4.913192563403081
Illness,AutonLab/MOMENT-1-small,,7,7,False,True,False,512.0,24,2.0090959072113037,20226.0,mae,1.5776990637533634
Illness,AutonLab/MOMENT-1-small,,7,7,False,True,False,512.0,24,2.0090959072113037,20226.0,scaled_mse,4.939378779239382
Illness,AutonLab/MOMENT-1-small,,7,7,False,True,False,512.0,24,2.0090959072113037,20226.0,scaled_mae,1.1282167386131068
Illness,AutonLab/MOMENT-1-small,linearAE,7,7,supervised,False,True,512.0,24,110.43406772613525,29658.0,mse,4.030399255450317
Illness,AutonLab/MOMENT-1-small,linearAE,7,7,supervised,False,True,512.0,24,110.43406772613525,29658.0,mae,1.4653453821733364
Illness,AutonLab/MOMENT-1-small,linearAE,7,7,supervised,False,True,512.0,24,110.43406772613525,29658.0,scaled_mse,3.9795687975045952
Illness,AutonLab/MOMENT-1-small,linearAE,7,7,supervised,False,True,512.0,24,110.43406772613525,29658.0,scaled_mae,1.4680920596001423
Illness,AutonLab/MOMENT-1-small,linearAE,7,7,supervised,True,True,512.0,24,58.37073254585266,24971.0,mse,4.03774951116324
Illness,AutonLab/MOMENT-1-small,linearAE,7,7,supervised,True,True,512.0,24,58.37073254585266,24971.0,mae,1.472943883777142
Illness,AutonLab/MOMENT-1-small,linearAE,7,7,supervised,True,True,512.0,24,58.37073254585266,24971.0,scaled_mse,3.9821828402161996
Illness,AutonLab/MOMENT-1-small,linearAE,7,7,supervised,True,True,512.0,24,58.37073254585266,24971.0,scaled_mae,1.0568064353032334
Illness,AutonLab/MOMENT-1-small,linearAE,7,7,supervised,True,True,512.0,24,25.76182246208191,17704.0,mse,4.014540744222894
Illness,AutonLab/MOMENT-1-small,linearAE,7,7,supervised,True,True,512.0,24,25.76182246208191,17704.0,mae,1.4581226117256396
Illness,AutonLab/MOMENT-1-small,linearAE,7,7,supervised,True,True,512.0,24,25.76182246208191,17704.0,scaled_mse,3.95914633893088
Illness,AutonLab/MOMENT-1-small,linearAE,7,7,supervised,True,True,512.0,24,25.76182246208191,17704.0,scaled_mae,1.0538284661344675
Illness,AutonLab/MOMENT-1-small,linearAE,7,7,supervised,True,True,512.0,24,140.81787991523743,8002.0,mse,3.9983610313132427
Illness,AutonLab/MOMENT-1-small,linearAE,7,7,supervised,True,True,512.0,24,140.81787991523743,8002.0,mae,1.427171201594196
Illness,AutonLab/MOMENT-1-small,linearAE,7,7,supervised,True,True,512.0,24,140.81787991523743,8002.0,scaled_mse,3.9375786415208274
Illness,AutonLab/MOMENT-1-small,linearAE,7,7,supervised,True,True,512.0,24,140.81787991523743,8002.0,scaled_mae,1.0297166837521743
Illness,AutonLab/MOMENT-1-small,linearAE,7,7,supervised,False,True,512.0,24,127.05490851402283,21905.0,mse,4.1047698163900845
Illness,AutonLab/MOMENT-1-small,linearAE,7,7,supervised,False,True,512.0,24,127.05490851402283,21905.0,mae,1.4706554741771842
Illness,AutonLab/MOMENT-1-small,linearAE,7,7,supervised,False,True,512.0,24,127.05490851402283,21905.0,scaled_mse,4.055293752884455
Illness,AutonLab/MOMENT-1-small,linearAE,7,7,supervised,False,True,512.0,24,127.05490851402283,21905.0,scaled_mae,1.4742572351127987
Illness,AutonLab/MOMENT-1-small,linearAE,7,7,supervised,True,True,512.0,24,57.614014863967896,23615.0,mse,3.9959735803957703
Illness,AutonLab/MOMENT-1-small,linearAE,7,7,supervised,True,True,512.0,24,57.614014863967896,23615.0,mae,1.4612123112488056
Illness,AutonLab/MOMENT-1-small,linearAE,7,7,supervised,True,True,512.0,24,57.614014863967896,23615.0,scaled_mse,3.940004836818957
Illness,AutonLab/MOMENT-1-small,linearAE,7,7,supervised,True,True,512.0,24,57.614014863967896,23615.0,scaled_mae,1.054231110822101
Illness,AutonLab/MOMENT-1-small,linearAE,7,7,supervised,False,True,512.0,24,81.51993036270142,26643.0,mse,4.080775139337866
Illness,AutonLab/MOMENT-1-small,linearAE,7,7,supervised,False,True,512.0,24,81.51993036270142,26643.0,mae,1.4740752285157372
Illness,AutonLab/MOMENT-1-small,linearAE,7,7,supervised,False,True,512.0,24,81.51993036270142,26643.0,scaled_mse,4.032438541299593
Illness,AutonLab/MOMENT-1-small,linearAE,7,7,supervised,False,True,512.0,24,81.51993036270142,26643.0,scaled_mae,1.477459188392507
Illness,AutonLab/MOMENT-1-small,linearAE,7,7,supervised,True,True,512.0,24,74.36756253242493,4183.0,mse,4.032379499852472
Illness,AutonLab/MOMENT-1-small,linearAE,7,7,supervised,True,True,512.0,24,74.36756253242493,4183.0,mae,1.429656092682636
Illness,AutonLab/MOMENT-1-small,linearAE,7,7,supervised,True,True,512.0,24,74.36756253242493,4183.0,scaled_mse,3.971983308875399
Illness,AutonLab/MOMENT-1-small,linearAE,7,7,supervised,True,True,512.0,24,74.36756253242493,4183.0,scaled_mae,1.0327902752045606
Illness,AutonLab/MOMENT-1-small,linearAE,7,7,supervised,False,True,512.0,24,51.16593074798584,23113.0,mse,4.071483229907846
Illness,AutonLab/MOMENT-1-small,linearAE,7,7,supervised,False,True,512.0,24,51.16593074798584,23113.0,mae,1.473734916775708
Illness,AutonLab/MOMENT-1-small,linearAE,7,7,supervised,False,True,512.0,24,51.16593074798584,23113.0,scaled_mse,4.022959011640894
Illness,AutonLab/MOMENT-1-small,linearAE,7,7,supervised,False,True,512.0,24,51.16593074798584,23113.0,scaled_mae,1.4769958759806445
Illness,AutonLab/MOMENT-1-small,linearAE,7,7,supervised,False,True,512.0,24,67.75006365776062,4386.0,mse,4.0384034099852
Illness,AutonLab/MOMENT-1-small,linearAE,7,7,supervised,False,True,512.0,24,67.75006365776062,4386.0,mae,1.459370674454606
Illness,AutonLab/MOMENT-1-small,linearAE,7,7,supervised,False,True,512.0,24,67.75006365776062,4386.0,scaled_mse,3.9891846462365166
Illness,AutonLab/MOMENT-1-small,linearAE,7,7,supervised,False,True,512.0,24,67.75006365776062,4386.0,scaled_mae,1.462521204777894
Illness,AutonLab/MOMENT-1-small,linearAE,7,7,supervised,False,True,512.0,24,78.15220427513123,19760.0,mse,4.0737810765571805
Illness,AutonLab/MOMENT-1-small,linearAE,7,7,supervised,False,True,512.0,24,78.15220427513123,19760.0,mae,1.4755160937139833
Illness,AutonLab/MOMENT-1-small,linearAE,7,7,supervised,False,True,512.0,24,78.15220427513123,19760.0,scaled_mse,4.026177830380662
Illness,AutonLab/MOMENT-1-small,linearAE,7,7,supervised,False,True,512.0,24,78.15220427513123,19760.0,scaled_mae,1.4789600100467841
Illness,AutonLab/MOMENT-1-small,pca,7,7,False,False,False,512.0,24,2.404836654663086,32141.0,mse,5.041440090644893
Illness,AutonLab/MOMENT-1-small,pca,7,7,False,False,False,512.0,24,2.404836654663086,32141.0,mae,1.5942071396804256
Illness,AutonLab/MOMENT-1-small,pca,7,7,False,False,False,512.0,24,2.404836654663086,32141.0,scaled_mse,5.072762696361814
Illness,AutonLab/MOMENT-1-small,pca,7,7,False,False,False,512.0,24,2.404836654663086,32141.0,scaled_mae,1.6187767762282763
Illness,AutonLab/MOMENT-1-small,pca,7,7,False,False,False,512.0,24,2.413036346435547,26500.0,mse,5.044825907519028
Illness,AutonLab/MOMENT-1-small,pca,7,7,False,False,False,512.0,24,2.413036346435547,26500.0,mae,1.5929062006339307
Illness,AutonLab/MOMENT-1-small,pca,7,7,False,False,False,512.0,24,2.413036346435547,26500.0,scaled_mse,5.07953691559477
Illness,AutonLab/MOMENT-1-small,pca,7,7,False,False,False,512.0,24,2.413036346435547,26500.0,scaled_mae,1.6176999571254533
Illness,AutonLab/MOMENT-1-small,pca,7,7,False,False,False,512.0,24,2.3731629848480225,27039.0,mse,5.08513972066495
Illness,AutonLab/MOMENT-1-small,pca,7,7,False,False,False,512.0,24,2.3731629848480225,27039.0,mae,1.5969232614803968
Illness,AutonLab/MOMENT-1-small,pca,7,7,False,False,False,512.0,24,2.3731629848480225,27039.0,scaled_mse,5.1231464948937315
Illness,AutonLab/MOMENT-1-small,pca,7,7,False,False,False,512.0,24,2.3731629848480225,27039.0,scaled_mae,1.6224193017956698
Illness,AutonLab/MOMENT-1-small,pca,7,7,False,False,False,512.0,24,2.324401617050171,25553.0,mse,5.062778204166567
Illness,AutonLab/MOMENT-1-small,pca,7,7,False,False,False,512.0,24,2.324401617050171,25553.0,mae,1.5941491128129552
Illness,AutonLab/MOMENT-1-small,pca,7,7,False,False,False,512.0,24,2.324401617050171,25553.0,scaled_mse,5.099226858615837
Illness,AutonLab/MOMENT-1-small,pca,7,7,False,False,False,512.0,24,2.324401617050171,25553.0,scaled_mae,1.6195357025956152
Illness,AutonLab/MOMENT-1-small,pca,7,7,False,False,False,512.0,24,2.409961700439453,31870.0,mse,5.138668986608272
Illness,AutonLab/MOMENT-1-small,pca,7,7,False,False,False,512.0,24,2.409961700439453,31870.0,mae,1.6059589447568543
Illness,AutonLab/MOMENT-1-small,pca,7,7,False,False,False,512.0,24,2.409961700439453,31870.0,scaled_mse,5.178330391753806
Illness,AutonLab/MOMENT-1-small,pca,7,7,False,False,False,512.0,24,2.409961700439453,31870.0,scaled_mae,1.6316727366263113
ETTh1,AutonLab/MOMENT-1-small,linearAE,7,7,supervised,False,True,512.0,96,987.701141834259,11255.0,mse,0.7090547468401655
ETTh1,AutonLab/MOMENT-1-small,linearAE,7,7,supervised,False,True,512.0,96,987.701141834259,11255.0,mae,0.5786959529279713
ETTh1,AutonLab/MOMENT-1-small,linearAE,7,7,supervised,False,True,512.0,96,987.701141834259,11255.0,scaled_mse,0.7025059621836571
ETTh1,AutonLab/MOMENT-1-small,linearAE,7,7,supervised,False,True,512.0,96,987.701141834259,11255.0,scaled_mae,0.5781102969498254
ExchangeRate,AutonLab/MOMENT-1-small,linearAE,8,8,supervised,False,True,512.0,96,1828.9036841392517,15988.0,mse,0.49834214840964375
ExchangeRate,AutonLab/MOMENT-1-small,linearAE,8,8,supervised,False,True,512.0,96,1828.9036841392517,15988.0,mae,0.5336666522982474
ExchangeRate,AutonLab/MOMENT-1-small,linearAE,8,8,supervised,False,True,512.0,96,1828.9036841392517,15988.0,scaled_mse,0.5761889901707566
ExchangeRate,AutonLab/MOMENT-1-small,linearAE,8,8,supervised,False,True,512.0,96,1828.9036841392517,15988.0,scaled_mae,0.5672712632738149
ETTh2,AutonLab/MOMENT-1-small,linearAE,7,7,supervised,False,True,512.0,96,2010.1885170936584,23923.0,mse,0.3762770794453481
ETTh2,AutonLab/MOMENT-1-small,linearAE,7,7,supervised,False,True,512.0,96,2010.1885170936584,23923.0,mae,0.4271282988070891
ETTh2,AutonLab/MOMENT-1-small,linearAE,7,7,supervised,False,True,512.0,96,2010.1885170936584,23923.0,scaled_mse,0.3742900479954488
ETTh2,AutonLab/MOMENT-1-small,linearAE,7,7,supervised,False,True,512.0,96,2010.1885170936584,23923.0,scaled_mae,0.42547220291929844
ETTh1,AutonLab/MOMENT-1-small,linearAE,7,7,supervised,False,True,512.0,96,1047.7281754016876,2175.0,mse,0.7083857034529634
ETTh1,AutonLab/MOMENT-1-small,linearAE,7,7,supervised,False,True,512.0,96,1047.7281754016876,2175.0,mae,0.5804696997811926
ETTh1,AutonLab/MOMENT-1-small,linearAE,7,7,supervised,False,True,512.0,96,1047.7281754016876,2175.0,scaled_mse,0.7018365850250021
ETTh1,AutonLab/MOMENT-1-small,linearAE,7,7,supervised,False,True,512.0,96,1047.7281754016876,2175.0,scaled_mae,0.5798731785178113
ExchangeRate,AutonLab/MOMENT-1-small,linearAE,8,8,supervised,False,True,512.0,96,955.2955002784729,6950.0,mse,0.500030335425483
ExchangeRate,AutonLab/MOMENT-1-small,linearAE,8,8,supervised,False,True,512.0,96,955.2955002784729,6950.0,mae,0.5314592759830286
ExchangeRate,AutonLab/MOMENT-1-small,linearAE,8,8,supervised,False,True,512.0,96,955.2955002784729,6950.0,scaled_mse,0.5832782485742706
ExchangeRate,AutonLab/MOMENT-1-small,linearAE,8,8,supervised,False,True,512.0,96,955.2955002784729,6950.0,scaled_mae,0.5659863714866272
ETTh2,AutonLab/MOMENT-1-small,linearAE,7,7,supervised,False,True,512.0,96,937.4678158760071,3256.0,mse,0.37452004380953513
ETTh2,AutonLab/MOMENT-1-small,linearAE,7,7,supervised,False,True,512.0,96,937.4678158760071,3256.0,mae,0.4248389007104444
ETTh2,AutonLab/MOMENT-1-small,linearAE,7,7,supervised,False,True,512.0,96,937.4678158760071,3256.0,scaled_mse,0.37247862248456026
ETTh2,AutonLab/MOMENT-1-small,linearAE,7,7,supervised,False,True,512.0,96,937.4678158760071,3256.0,scaled_mae,0.4231597895064114
ETTm2,AutonLab/MOMENT-1-small,linearAE,7,7,supervised,False,True,512.0,96,3898.238969564438,29256.0,mse,0.2893988607428509
ETTm2,AutonLab/MOMENT-1-small,linearAE,7,7,supervised,False,True,512.0,96,3898.238969564438,29256.0,mae,0.354442403358437
ETTm2,AutonLab/MOMENT-1-small,linearAE,7,7,supervised,False,True,512.0,96,3898.238969564438,29256.0,scaled_mse,0.28743574665053373
ETTm2,AutonLab/MOMENT-1-small,linearAE,7,7,supervised,False,True,512.0,96,3898.238969564438,29256.0,scaled_mae,0.3532525385382928
ExchangeRate,AutonLab/MOMENT-1-small,linearAE,8,8,supervised,False,True,512.0,96,1339.1662435531616,16618.0,mse,0.5086945025514058
ExchangeRate,AutonLab/MOMENT-1-small,linearAE,8,8,supervised,False,True,512.0,96,1339.1662435531616,16618.0,mae,0.5359910218637663
ExchangeRate,AutonLab/MOMENT-1-small,linearAE,8,8,supervised,False,True,512.0,96,1339.1662435531616,16618.0,scaled_mse,0.5931260752737934
ExchangeRate,AutonLab/MOMENT-1-small,linearAE,8,8,supervised,False,True,512.0,96,1339.1662435531616,16618.0,scaled_mae,0.5707454022902794
ETTh1,AutonLab/MOMENT-1-small,linearAE,7,7,supervised,False,True,512.0,96,2239.1805629730225,6503.0,mse,0.712340922133581
ETTh1,AutonLab/MOMENT-1-small,linearAE,7,7,supervised,False,True,512.0,96,2239.1805629730225,6503.0,mae,0.581837172221577
ETTh1,AutonLab/MOMENT-1-small,linearAE,7,7,supervised,False,True,512.0,96,2239.1805629730225,6503.0,scaled_mse,0.7057506430765609
ETTh1,AutonLab/MOMENT-1-small,linearAE,7,7,supervised,False,True,512.0,96,2239.1805629730225,6503.0,scaled_mae,0.5812379445676208
ETTh2,AutonLab/MOMENT-1-small,linearAE,7,7,supervised,False,True,512.0,96,1795.085748910904,26652.0,mse,0.37523311846731305
ETTh2,AutonLab/MOMENT-1-small,linearAE,7,7,supervised,False,True,512.0,96,1795.085748910904,26652.0,mae,0.4255583733790507
ETTh2,AutonLab/MOMENT-1-small,linearAE,7,7,supervised,False,True,512.0,96,1795.085748910904,26652.0,scaled_mse,0.3732210205618569
ETTh2,AutonLab/MOMENT-1-small,linearAE,7,7,supervised,False,True,512.0,96,1795.085748910904,26652.0,scaled_mae,0.4238913061857732
ExchangeRate,AutonLab/MOMENT-1-small,linearAE,8,8,supervised,False,True,512.0,96,1130.415521144867,9678.0,mse,0.5166726808321402
ExchangeRate,AutonLab/MOMENT-1-small,linearAE,8,8,supervised,False,True,512.0,96,1130.415521144867,9678.0,mae,0.5403228068959139
ExchangeRate,AutonLab/MOMENT-1-small,linearAE,8,8,supervised,False,True,512.0,96,1130.415521144867,9678.0,scaled_mse,0.6018838523340807
ExchangeRate,AutonLab/MOMENT-1-small,linearAE,8,8,supervised,False,True,512.0,96,1130.415521144867,9678.0,scaled_mae,0.5752739470558467
ETTh1,AutonLab/MOMENT-1-small,linearAE,7,7,supervised,False,True,512.0,96,1384.110407590866,27408.0,mse,0.7113925611956607
ETTh1,AutonLab/MOMENT-1-small,linearAE,7,7,supervised,False,True,512.0,96,1384.110407590866,27408.0,mae,0.5814728550402762
ETTh1,AutonLab/MOMENT-1-small,linearAE,7,7,supervised,False,True,512.0,96,1384.110407590866,27408.0,scaled_mse,0.704790640175061
ETTh1,AutonLab/MOMENT-1-small,linearAE,7,7,supervised,False,True,512.0,96,1384.110407590866,27408.0,scaled_mae,0.5808673139640191
ETTh2,AutonLab/MOMENT-1-small,linearAE,7,7,supervised,False,True,512.0,96,1420.448816537857,12074.0,mse,0.3762469797442843
ETTh2,AutonLab/MOMENT-1-small,linearAE,7,7,supervised,False,True,512.0,96,1420.448816537857,12074.0,mae,0.42694778102984066
ETTh2,AutonLab/MOMENT-1-small,linearAE,7,7,supervised,False,True,512.0,96,1420.448816537857,12074.0,scaled_mse,0.3742668336624608
ETTh2,AutonLab/MOMENT-1-small,linearAE,7,7,supervised,False,True,512.0,96,1420.448816537857,12074.0,scaled_mae,0.42529332505793704
ExchangeRate,AutonLab/MOMENT-1-small,linearAE,8,8,supervised,False,True,512.0,96,874.0557556152344,8552.0,mse,0.5103436228750102
ExchangeRate,AutonLab/MOMENT-1-small,linearAE,8,8,supervised,False,True,512.0,96,874.0557556152344,8552.0,mae,0.535858979961308
ExchangeRate,AutonLab/MOMENT-1-small,linearAE,8,8,supervised,False,True,512.0,96,874.0557556152344,8552.0,scaled_mse,0.5953858241574099
ExchangeRate,AutonLab/MOMENT-1-small,linearAE,8,8,supervised,False,True,512.0,96,874.0557556152344,8552.0,scaled_mae,0.570729195791879
ETTh1,AutonLab/MOMENT-1-small,linearAE,7,7,supervised,False,True,512.0,96,1310.7535886764526,28664.0,mse,0.7088435555229168
ETTh1,AutonLab/MOMENT-1-small,linearAE,7,7,supervised,False,True,512.0,96,1310.7535886764526,28664.0,mae,0.5764778725572544
ETTh1,AutonLab/MOMENT-1-small,linearAE,7,7,supervised,False,True,512.0,96,1310.7535886764526,28664.0,scaled_mse,0.7023016399591302
ETTh1,AutonLab/MOMENT-1-small,linearAE,7,7,supervised,False,True,512.0,96,1310.7535886764526,28664.0,scaled_mae,0.5759127948407012
ETTh2,AutonLab/MOMENT-1-small,linearAE,7,7,supervised,False,True,512.0,96,1711.3413677215576,5617.0,mse,0.37534951962420826
ETTh2,AutonLab/MOMENT-1-small,linearAE,7,7,supervised,False,True,512.0,96,1711.3413677215576,5617.0,mae,0.42629357139215335
ETTh2,AutonLab/MOMENT-1-small,linearAE,7,7,supervised,False,True,512.0,96,1711.3413677215576,5617.0,scaled_mse,0.3733279078184295
ETTh2,AutonLab/MOMENT-1-small,linearAE,7,7,supervised,False,True,512.0,96,1711.3413677215576,5617.0,scaled_mae,0.4246124804321665
ETTm1,AutonLab/MOMENT-1-small,linearAE,7,7,supervised,False,True,512.0,96,11933.74229979515,23772.0,mse,0.6788116162817798
ETTm1,AutonLab/MOMENT-1-small,linearAE,7,7,supervised,False,True,512.0,96,11933.74229979515,23772.0,mae,0.5434390496684569
ETTm1,AutonLab/MOMENT-1-small,linearAE,7,7,supervised,False,True,512.0,96,11933.74229979515,23772.0,scaled_mse,0.6752689363754081
ETTm1,AutonLab/MOMENT-1-small,linearAE,7,7,supervised,False,True,512.0,96,11933.74229979515,23772.0,scaled_mae,0.5426966026086396
Weather,AutonLab/MOMENT-1-small,linearAE,21,21,supervised,False,True,512.0,96,12949.433705329895,32372.0,mse,0.27162542623297153
Weather,AutonLab/MOMENT-1-small,linearAE,21,21,supervised,False,True,512.0,96,12949.433705329895,32372.0,mae,0.31953574238575055
Weather,AutonLab/MOMENT-1-small,linearAE,21,21,supervised,False,True,512.0,96,12949.433705329895,32372.0,scaled_mse,0.27140893798102667
Weather,AutonLab/MOMENT-1-small,linearAE,21,21,supervised,False,True,512.0,96,12949.433705329895,32372.0,scaled_mae,0.3196870788142891
ETTm2,AutonLab/MOMENT-1-small,linearAE,7,7,supervised,False,True,512.0,96,13625.636104106903,9135.0,mse,0.28914444213692353
ETTm2,AutonLab/MOMENT-1-small,linearAE,7,7,supervised,False,True,512.0,96,13625.636104106903,9135.0,mae,0.35362514528316125
ETTm2,AutonLab/MOMENT-1-small,linearAE,7,7,supervised,False,True,512.0,96,13625.636104106903,9135.0,scaled_mse,0.28718366868979917
ETTm2,AutonLab/MOMENT-1-small,linearAE,7,7,supervised,False,True,512.0,96,13625.636104106903,9135.0,scaled_mae,0.3524396052762644
ETTm1,AutonLab/MOMENT-1-small,linearAE,7,7,supervised,False,True,512.0,96,7342.9244639873505,29572.0,mse,0.6792300264093863
ETTm1,AutonLab/MOMENT-1-small,linearAE,7,7,supervised,False,True,512.0,96,7342.9244639873505,29572.0,mae,0.5453739391694612
ETTm1,AutonLab/MOMENT-1-small,linearAE,7,7,supervised,False,True,512.0,96,7342.9244639873505,29572.0,scaled_mse,0.6756807610814531
ETTm1,AutonLab/MOMENT-1-small,linearAE,7,7,supervised,False,True,512.0,96,7342.9244639873505,29572.0,scaled_mae,0.544625994219633
ETTm2,AutonLab/MOMENT-1-small,linearAE,7,7,supervised,False,True,512.0,96,3748.1076321601868,12027.0,mse,0.290657111916796
ETTm2,AutonLab/MOMENT-1-small,linearAE,7,7,supervised,False,True,512.0,96,3748.1076321601868,12027.0,mae,0.3551186532531124
ETTm2,AutonLab/MOMENT-1-small,linearAE,7,7,supervised,False,True,512.0,96,3748.1076321601868,12027.0,scaled_mse,0.28868984258382163
ETTm2,AutonLab/MOMENT-1-small,linearAE,7,7,supervised,False,True,512.0,96,3748.1076321601868,12027.0,scaled_mae,0.3539300919524407
ETTm2,AutonLab/MOMENT-1-small,linearAE,7,7,supervised,False,True,512.0,96,3714.6355633735657,20846.0,mse,0.2897918848412545
ETTm2,AutonLab/MOMENT-1-small,linearAE,7,7,supervised,False,True,512.0,96,3714.6355633735657,20846.0,mae,0.3542038464689612
ETTm2,AutonLab/MOMENT-1-small,linearAE,7,7,supervised,False,True,512.0,96,3714.6355633735657,20846.0,scaled_mse,0.287831694417315
ETTm2,AutonLab/MOMENT-1-small,linearAE,7,7,supervised,False,True,512.0,96,3714.6355633735657,20846.0,scaled_mae,0.3530189033688788
Weather,AutonLab/MOMENT-1-small,linearAE,21,21,supervised,False,True,512.0,96,14270.092180013657,9691.0,mse,0.27255624848014426
Weather,AutonLab/MOMENT-1-small,linearAE,21,21,supervised,False,True,512.0,96,14270.092180013657,9691.0,mae,0.3204849248238535
Weather,AutonLab/MOMENT-1-small,linearAE,21,21,supervised,False,True,512.0,96,14270.092180013657,9691.0,scaled_mse,0.2723351224675998
Weather,AutonLab/MOMENT-1-small,linearAE,21,21,supervised,False,True,512.0,96,14270.092180013657,9691.0,scaled_mae,0.3206239911263525
ETTm2,AutonLab/MOMENT-1-small,linearAE,7,7,supervised,False,True,512.0,96,4058.219527244568,10979.0,mse,0.2893489296603454
ETTm2,AutonLab/MOMENT-1-small,linearAE,7,7,supervised,False,True,512.0,96,4058.219527244568,10979.0,mae,0.3540371465024517
ETTm2,AutonLab/MOMENT-1-small,linearAE,7,7,supervised,False,True,512.0,96,4058.219527244568,10979.0,scaled_mse,0.28739296315581436
ETTm2,AutonLab/MOMENT-1-small,linearAE,7,7,supervised,False,True,512.0,96,4058.219527244568,10979.0,scaled_mae,0.3528534028234645
ETTh1,AutonLab/MOMENT-1-small,,7,7,False,False,False,512.0,96,10.45786190032959,16936.0,mse,0.7464025800670658
ETTh1,AutonLab/MOMENT-1-small,,7,7,False,False,False,512.0,96,10.45786190032959,16936.0,mae,0.5866330111002329
ETTh1,AutonLab/MOMENT-1-small,,7,7,False,False,False,512.0,96,10.45786190032959,16936.0,scaled_mse,0.6272443890363762
ETTh1,AutonLab/MOMENT-1-small,,7,7,False,False,False,512.0,96,10.45786190032959,16936.0,scaled_mae,0.5441597328599241
ETTh1,AutonLab/MOMENT-1-small,,7,7,False,False,False,512.0,96,10.445002317428589,5376.0,mse,0.7340542781241404
ETTh1,AutonLab/MOMENT-1-small,,7,7,False,False,False,512.0,96,10.445002317428589,5376.0,mae,0.5795937705994132
ETTh1,AutonLab/MOMENT-1-small,,7,7,False,False,False,512.0,96,10.445002317428589,5376.0,scaled_mse,0.6169286387611447
ETTh1,AutonLab/MOMENT-1-small,,7,7,False,False,False,512.0,96,10.445002317428589,5376.0,scaled_mae,0.53769712871106
ETTh2,AutonLab/MOMENT-1-small,,7,7,False,False,False,512.0,96,10.3436758518219,29680.0,mse,0.38310266229221834
ETTh2,AutonLab/MOMENT-1-small,,7,7,False,False,False,512.0,96,10.3436758518219,29680.0,mae,0.4243371839599754
ETTh2,AutonLab/MOMENT-1-small,,7,7,False,False,False,512.0,96,10.3436758518219,29680.0,scaled_mse,0.35249228039411423
ETTh2,AutonLab/MOMENT-1-small,,7,7,False,False,False,512.0,96,10.3436758518219,29680.0,scaled_mae,0.41093237514771813
ETTh1,AutonLab/MOMENT-1-small,,7,7,False,False,False,512.0,96,10.321178436279297,3209.0,mse,0.7377565678172419
ETTh1,AutonLab/MOMENT-1-small,,7,7,False,False,False,512.0,96,10.321178436279297,3209.0,mae,0.5860710560347362
ETTh1,AutonLab/MOMENT-1-small,,7,7,False,False,False,512.0,96,10.321178436279297,3209.0,scaled_mse,0.619874626681071
ETTh1,AutonLab/MOMENT-1-small,,7,7,False,False,False,512.0,96,10.321178436279297,3209.0,scaled_mae,0.5435829674045722
ETTh2,AutonLab/MOMENT-1-small,,7,7,False,False,False,512.0,96,10.500128507614136,19196.0,mse,0.38490468179243054
ETTh2,AutonLab/MOMENT-1-small,,7,7,False,False,False,512.0,96,10.500128507614136,19196.0,mae,0.42529363298002243
ETTh2,AutonLab/MOMENT-1-small,,7,7,False,False,False,512.0,96,10.500128507614136,19196.0,scaled_mse,0.35425998627140604
ETTh2,AutonLab/MOMENT-1-small,,7,7,False,False,False,512.0,96,10.500128507614136,19196.0,scaled_mae,0.41186746925042605
ETTh1,AutonLab/MOMENT-1-small,,7,7,False,False,False,512.0,96,10.561640977859497,6984.0,mse,0.7600618244815942
ETTh1,AutonLab/MOMENT-1-small,,7,7,False,False,False,512.0,96,10.561640977859497,6984.0,mae,0.5873047291260552
ETTh1,AutonLab/MOMENT-1-small,,7,7,False,False,False,512.0,96,10.561640977859497,6984.0,scaled_mse,0.639050464943173
ETTh1,AutonLab/MOMENT-1-small,,7,7,False,False,False,512.0,96,10.561640977859497,6984.0,scaled_mae,0.5449540446032005
ExchangeRate,AutonLab/MOMENT-1-small,,8,8,False,False,False,512.0,96,6.698105812072754,30949.0,mse,0.44769769173506796
ExchangeRate,AutonLab/MOMENT-1-small,,8,8,False,False,False,512.0,96,6.698105812072754,30949.0,mae,0.5057660740706191
ExchangeRate,AutonLab/MOMENT-1-small,,8,8,False,False,False,512.0,96,6.698105812072754,30949.0,scaled_mse,0.3473833730620374
ExchangeRate,AutonLab/MOMENT-1-small,,8,8,False,False,False,512.0,96,6.698105812072754,30949.0,scaled_mae,0.45095198178540025
ExchangeRate,AutonLab/MOMENT-1-small,,8,8,False,False,False,512.0,96,6.613102197647095,12133.0,mse,0.43467968412896674
ExchangeRate,AutonLab/MOMENT-1-small,,8,8,False,False,False,512.0,96,6.613102197647095,12133.0,mae,0.49874512640831575
ExchangeRate,AutonLab/MOMENT-1-small,,8,8,False,False,False,512.0,96,6.613102197647095,12133.0,scaled_mse,0.3374261330152635
ExchangeRate,AutonLab/MOMENT-1-small,,8,8,False,False,False,512.0,96,6.613102197647095,12133.0,scaled_mae,0.44476668509508116
ETTh2,AutonLab/MOMENT-1-small,,7,7,False,False,False,512.0,96,10.75218152999878,14936.0,mse,0.3877381516422469
ETTh2,AutonLab/MOMENT-1-small,,7,7,False,False,False,512.0,96,10.75218152999878,14936.0,mae,0.4268494938572614
ETTh2,AutonLab/MOMENT-1-small,,7,7,False,False,False,512.0,96,10.75218152999878,14936.0,scaled_mse,0.35685211000241873
ETTh2,AutonLab/MOMENT-1-small,,7,7,False,False,False,512.0,96,10.75218152999878,14936.0,scaled_mae,0.41334224937389596
ETTh1,AutonLab/MOMENT-1-small,,7,7,False,False,False,512.0,96,10.633418083190918,19562.0,mse,0.7443528523845061
ETTh1,AutonLab/MOMENT-1-small,,7,7,False,False,False,512.0,96,10.633418083190918,19562.0,mae,0.5876714935816653
ETTh1,AutonLab/MOMENT-1-small,,7,7,False,False,False,512.0,96,10.633418083190918,19562.0,scaled_mse,0.6255093655051189
ETTh1,AutonLab/MOMENT-1-small,,7,7,False,False,False,512.0,96,10.633418083190918,19562.0,scaled_mae,0.5451084105598897
ExchangeRate,AutonLab/MOMENT-1-small,,8,8,False,False,False,512.0,96,6.581769943237305,18861.0,mse,0.43781659933997147
ExchangeRate,AutonLab/MOMENT-1-small,,8,8,False,False,False,512.0,96,6.581769943237305,18861.0,mae,0.5003101912269333
ExchangeRate,AutonLab/MOMENT-1-small,,8,8,False,False,False,512.0,96,6.581769943237305,18861.0,scaled_mse,0.33982388870489744
ExchangeRate,AutonLab/MOMENT-1-small,,8,8,False,False,False,512.0,96,6.581769943237305,18861.0,scaled_mae,0.4461502871422553
ETTh2,AutonLab/MOMENT-1-small,,7,7,False,False,False,512.0,96,10.416000127792358,28525.0,mse,0.38964510585360734
ETTh2,AutonLab/MOMENT-1-small,,7,7,False,False,False,512.0,96,10.416000127792358,28525.0,mae,0.42684071416265407
ETTh2,AutonLab/MOMENT-1-small,,7,7,False,False,False,512.0,96,10.416000127792358,28525.0,scaled_mse,0.3586011836356055
ETTh2,AutonLab/MOMENT-1-small,,7,7,False,False,False,512.0,96,10.416000127792358,28525.0,scaled_mae,0.4132427734501207
ExchangeRate,AutonLab/MOMENT-1-small,,8,8,False,False,False,512.0,96,6.836977481842041,20224.0,mse,0.43997436393830835
ExchangeRate,AutonLab/MOMENT-1-small,,8,8,False,False,False,512.0,96,6.836977481842041,20224.0,mae,0.5014419097066435
ExchangeRate,AutonLab/MOMENT-1-small,,8,8,False,False,False,512.0,96,6.836977481842041,20224.0,scaled_mse,0.3414906029774777
ExchangeRate,AutonLab/MOMENT-1-small,,8,8,False,False,False,512.0,96,6.836977481842041,20224.0,scaled_mae,0.4471407685851745
ETTh2,AutonLab/MOMENT-1-small,,7,7,False,False,False,512.0,96,10.41213321685791,31267.0,mse,0.38283611223399927
ETTh2,AutonLab/MOMENT-1-small,,7,7,False,False,False,512.0,96,10.41213321685791,31267.0,mae,0.42397550120654054
ETTh2,AutonLab/MOMENT-1-small,,7,7,False,False,False,512.0,96,10.41213321685791,31267.0,scaled_mse,0.35221945398756016
ETTh2,AutonLab/MOMENT-1-small,,7,7,False,False,False,512.0,96,10.41213321685791,31267.0,scaled_mae,0.41055851026183704
ExchangeRate,AutonLab/MOMENT-1-small,,8,8,False,False,False,512.0,96,6.61473536491394,25298.0,mse,0.4412492407777379
ExchangeRate,AutonLab/MOMENT-1-small,,8,8,False,False,False,512.0,96,6.61473536491394,25298.0,mae,0.5018424739441557
ExchangeRate,AutonLab/MOMENT-1-small,,8,8,False,False,False,512.0,96,6.61473536491394,25298.0,scaled_mse,0.3424668486740642
ExchangeRate,AutonLab/MOMENT-1-small,,8,8,False,False,False,512.0,96,6.61473536491394,25298.0,scaled_mae,0.4475049283835922
ETTm2,AutonLab/MOMENT-1-small,,7,7,False,False,False,512.0,96,37.834068298339844,28978.0,mse,0.2985461192419294
ETTm2,AutonLab/MOMENT-1-small,,7,7,False,False,False,512.0,96,37.834068298339844,28978.0,mae,0.36025951833295433
ETTm2,AutonLab/MOMENT-1-small,,7,7,False,False,False,512.0,96,37.834068298339844,28978.0,scaled_mse,0.2648170795812888
ETTm2,AutonLab/MOMENT-1-small,,7,7,False,False,False,512.0,96,37.834068298339844,28978.0,scaled_mae,0.34405909151658187
ETTm2,AutonLab/MOMENT-1-small,,7,7,False,False,False,512.0,96,37.94095420837402,26725.0,mse,0.29774234721039355
ETTm2,AutonLab/MOMENT-1-small,,7,7,False,False,False,512.0,96,37.94095420837402,26725.0,mae,0.35926803973112914
ETTm2,AutonLab/MOMENT-1-small,,7,7,False,False,False,512.0,96,37.94095420837402,26725.0,scaled_mse,0.2639981557346395
ETTm2,AutonLab/MOMENT-1-small,,7,7,False,False,False,512.0,96,37.94095420837402,26725.0,scaled_mae,0.34306268893628944
ETTm2,AutonLab/MOMENT-1-small,,7,7,False,False,False,512.0,96,37.90454888343811,13053.0,mse,0.2961202300307013
ETTm2,AutonLab/MOMENT-1-small,,7,7,False,False,False,512.0,96,37.90454888343811,13053.0,mae,0.3581918487371439
ETTm2,AutonLab/MOMENT-1-small,,7,7,False,False,False,512.0,96,37.90454888343811,13053.0,scaled_mse,0.26257759237392786
ETTm2,AutonLab/MOMENT-1-small,,7,7,False,False,False,512.0,96,37.90454888343811,13053.0,scaled_mae,0.34204324066706676
ETTm1,AutonLab/MOMENT-1-small,linearAE,7,7,supervised,False,True,512.0,96,11522.81920003891,17154.0,mse,0.6789641444677835
ETTm1,AutonLab/MOMENT-1-small,linearAE,7,7,supervised,False,True,512.0,96,11522.81920003891,17154.0,mae,0.5437374504022441
ETTm1,AutonLab/MOMENT-1-small,linearAE,7,7,supervised,False,True,512.0,96,11522.81920003891,17154.0,scaled_mse,0.6754168531862581
ETTm1,AutonLab/MOMENT-1-small,linearAE,7,7,supervised,False,True,512.0,96,11522.81920003891,17154.0,scaled_mae,0.54299406303844
ETTm2,AutonLab/MOMENT-1-small,,7,7,False,False,False,512.0,96,37.78351879119873,30220.0,mse,0.2997193016761638
ETTm2,AutonLab/MOMENT-1-small,,7,7,False,False,False,512.0,96,37.78351879119873,30220.0,mae,0.3609198732582423
ETTm2,AutonLab/MOMENT-1-small,,7,7,False,False,False,512.0,96,37.78351879119873,30220.0,scaled_mse,0.26574251587415637
ETTm2,AutonLab/MOMENT-1-small,,7,7,False,False,False,512.0,96,37.78351879119873,30220.0,scaled_mae,0.34465020237397853
ETTm2,AutonLab/MOMENT-1-small,,7,7,False,False,False,512.0,96,37.9667181968689,3035.0,mse,0.29891875794433687
ETTm2,AutonLab/MOMENT-1-small,,7,7,False,False,False,512.0,96,37.9667181968689,3035.0,mae,0.3605587990873678
ETTm2,AutonLab/MOMENT-1-small,,7,7,False,False,False,512.0,96,37.9667181968689,3035.0,scaled_mse,0.2650657587981051
ETTm2,AutonLab/MOMENT-1-small,,7,7,False,False,False,512.0,96,37.9667181968689,3035.0,scaled_mae,0.3443167106525435
ETTh1,AutonLab/MOMENT-1-small,pca,7,7,False,False,False,512.0,96,10.842787981033325,15989.0,mse,0.7490625116756273
ETTh1,AutonLab/MOMENT-1-small,pca,7,7,False,False,False,512.0,96,10.842787981033325,15989.0,mae,0.5895302835961707
ETTh1,AutonLab/MOMENT-1-small,pca,7,7,False,False,False,512.0,96,10.842787981033325,15989.0,scaled_mse,0.6303398384623041
ETTh1,AutonLab/MOMENT-1-small,pca,7,7,False,False,False,512.0,96,10.842787981033325,15989.0,scaled_mae,0.547236318676208
ETTh1,AutonLab/MOMENT-1-small,pca,7,7,False,False,False,512.0,96,10.848385095596313,29254.0,mse,0.7466551413938323
ETTh1,AutonLab/MOMENT-1-small,pca,7,7,False,False,False,512.0,96,10.848385095596313,29254.0,mae,0.5872982576385009
ETTh1,AutonLab/MOMENT-1-small,pca,7,7,False,False,False,512.0,96,10.848385095596313,29254.0,scaled_mse,0.6284212490879263
ETTh1,AutonLab/MOMENT-1-small,pca,7,7,False,False,False,512.0,96,10.848385095596313,29254.0,scaled_mae,0.5452495667020036
ETTh1,AutonLab/MOMENT-1-small,pca,7,7,False,False,False,512.0,96,10.929573059082031,28571.0,mse,0.7466721430907092
ETTh1,AutonLab/MOMENT-1-small,pca,7,7,False,False,False,512.0,96,10.929573059082031,28571.0,mae,0.5898020685940182
ETTh1,AutonLab/MOMENT-1-small,pca,7,7,False,False,False,512.0,96,10.929573059082031,28571.0,scaled_mse,0.6282008214603612
ETTh1,AutonLab/MOMENT-1-small,pca,7,7,False,False,False,512.0,96,10.929573059082031,28571.0,scaled_mae,0.5474341818701273
ETTh2,AutonLab/MOMENT-1-small,pca,7,7,False,False,False,512.0,96,11.04696798324585,29461.0,mse,0.3848650013188021
ETTh2,AutonLab/MOMENT-1-small,pca,7,7,False,False,False,512.0,96,11.04696798324585,29461.0,mae,0.4267799514731731
ETTh2,AutonLab/MOMENT-1-small,pca,7,7,False,False,False,512.0,96,11.04696798324585,29461.0,scaled_mse,0.3548828484829123
ETTh2,AutonLab/MOMENT-1-small,pca,7,7,False,False,False,512.0,96,11.04696798324585,29461.0,scaled_mae,0.4133804457877321
ExchangeRate,AutonLab/MOMENT-1-small,pca,8,8,False,False,False,512.0,96,6.97209906578064,30656.0,mse,0.43551005900951245
ExchangeRate,AutonLab/MOMENT-1-small,pca,8,8,False,False,False,512.0,96,6.97209906578064,30656.0,mae,0.5006503830434712
ExchangeRate,AutonLab/MOMENT-1-small,pca,8,8,False,False,False,512.0,96,6.97209906578064,30656.0,scaled_mse,0.3379043472513247
ExchangeRate,AutonLab/MOMENT-1-small,pca,8,8,False,False,False,512.0,96,6.97209906578064,30656.0,scaled_mae,0.44643067319372914
ETTh1,AutonLab/MOMENT-1-small,pca,7,7,False,False,False,512.0,96,10.97911787033081,8282.0,mse,0.7533078916455406
ETTh1,AutonLab/MOMENT-1-small,pca,7,7,False,False,False,512.0,96,10.97911787033081,8282.0,mae,0.5904759517397625
ETTh1,AutonLab/MOMENT-1-small,pca,7,7,False,False,False,512.0,96,10.97911787033081,8282.0,scaled_mse,0.6341172066206752
ETTh1,AutonLab/MOMENT-1-small,pca,7,7,False,False,False,512.0,96,10.97911787033081,8282.0,scaled_mae,0.5482375604247751
ETTh2,AutonLab/MOMENT-1-small,pca,7,7,False,False,False,512.0,96,11.096753358840942,25436.0,mse,0.38707016671999767
ETTh2,AutonLab/MOMENT-1-small,pca,7,7,False,False,False,512.0,96,11.096753358840942,25436.0,mae,0.42808419375936596
ETTh2,AutonLab/MOMENT-1-small,pca,7,7,False,False,False,512.0,96,11.096753358840942,25436.0,scaled_mse,0.35697061797317303
ETTh2,AutonLab/MOMENT-1-small,pca,7,7,False,False,False,512.0,96,11.096753358840942,25436.0,scaled_mae,0.41457059215225195
ExchangeRate,AutonLab/MOMENT-1-small,pca,8,8,False,False,False,512.0,96,7.291487693786621,5111.0,mse,0.4453643677592309
ExchangeRate,AutonLab/MOMENT-1-small,pca,8,8,False,False,False,512.0,96,7.291487693786621,5111.0,mae,0.5072680438735435
ExchangeRate,AutonLab/MOMENT-1-small,pca,8,8,False,False,False,512.0,96,7.291487693786621,5111.0,scaled_mse,0.3454605335641772
ExchangeRate,AutonLab/MOMENT-1-small,pca,8,8,False,False,False,512.0,96,7.291487693786621,5111.0,scaled_mae,0.4523039654359252
ETTh1,AutonLab/MOMENT-1-small,pca,7,7,False,False,False,512.0,96,11.467535972595215,4515.0,mse,0.7476894970904898
ETTh1,AutonLab/MOMENT-1-small,pca,7,7,False,False,False,512.0,96,11.467535972595215,4515.0,mae,0.590779455687283
ETTh1,AutonLab/MOMENT-1-small,pca,7,7,False,False,False,512.0,96,11.467535972595215,4515.0,scaled_mse,0.6291600831637973
ETTh1,AutonLab/MOMENT-1-small,pca,7,7,False,False,False,512.0,96,11.467535972595215,4515.0,scaled_mae,0.5483995883538897
ETTh2,AutonLab/MOMENT-1-small,pca,7,7,False,False,False,512.0,96,10.890747308731079,19440.0,mse,0.3830505724814859
ETTh2,AutonLab/MOMENT-1-small,pca,7,7,False,False,False,512.0,96,10.890747308731079,19440.0,mae,0.4252497887445968
ETTh2,AutonLab/MOMENT-1-small,pca,7,7,False,False,False,512.0,96,10.890747308731079,19440.0,scaled_mse,0.3530950465883513
ETTh2,AutonLab/MOMENT-1-small,pca,7,7,False,False,False,512.0,96,10.890747308731079,19440.0,scaled_mae,0.4118388539258232
ExchangeRate,AutonLab/MOMENT-1-small,pca,8,8,False,False,False,512.0,96,7.120673894882202,30653.0,mse,0.4342519774264989
ExchangeRate,AutonLab/MOMENT-1-small,pca,8,8,False,False,False,512.0,96,7.120673894882202,30653.0,mae,0.4996759862179849
ExchangeRate,AutonLab/MOMENT-1-small,pca,8,8,False,False,False,512.0,96,7.120673894882202,30653.0,scaled_mse,0.3368826981977339
ExchangeRate,AutonLab/MOMENT-1-small,pca,8,8,False,False,False,512.0,96,7.120673894882202,30653.0,scaled_mae,0.4455593099501074
ExchangeRate,AutonLab/MOMENT-1-small,pca,8,8,False,False,False,512.0,96,6.9198243618011475,14465.0,mse,0.45492831523147464
ExchangeRate,AutonLab/MOMENT-1-small,pca,8,8,False,False,False,512.0,96,6.9198243618011475,14465.0,mae,0.5135908438016111
ExchangeRate,AutonLab/MOMENT-1-small,pca,8,8,False,False,False,512.0,96,6.9198243618011475,14465.0,scaled_mse,0.35277507952936543
ExchangeRate,AutonLab/MOMENT-1-small,pca,8,8,False,False,False,512.0,96,6.9198243618011475,14465.0,scaled_mae,0.4578780265411584
ETTh2,AutonLab/MOMENT-1-small,pca,7,7,False,False,False,512.0,96,10.910677194595337,32238.0,mse,0.38095122467897746
ETTh2,AutonLab/MOMENT-1-small,pca,7,7,False,False,False,512.0,96,10.910677194595337,32238.0,mae,0.4237623179992316
ETTh2,AutonLab/MOMENT-1-small,pca,7,7,False,False,False,512.0,96,10.910677194595337,32238.0,scaled_mse,0.35098061365411976
ETTh2,AutonLab/MOMENT-1-small,pca,7,7,False,False,False,512.0,96,10.910677194595337,32238.0,scaled_mae,0.41040131363410837
ETTm2,AutonLab/MOMENT-1-small,pca,7,7,False,False,False,512.0,96,40.18048119544983,26897.0,mse,0.2972215555798595
ETTm2,AutonLab/MOMENT-1-small,pca,7,7,False,False,False,512.0,96,40.18048119544983,26897.0,mae,0.3614718475998989
ETTm2,AutonLab/MOMENT-1-small,pca,7,7,False,False,False,512.0,96,40.18048119544983,26897.0,scaled_mse,0.26400868887268075
ETTm2,AutonLab/MOMENT-1-small,pca,7,7,False,False,False,512.0,96,40.18048119544983,26897.0,scaled_mae,0.34520874684062736
ExchangeRate,AutonLab/MOMENT-1-small,pca,8,8,False,False,False,512.0,96,6.936644554138184,10960.0,mse,0.444132832735874
ExchangeRate,AutonLab/MOMENT-1-small,pca,8,8,False,False,False,512.0,96,6.936644554138184,10960.0,mae,0.5067256157324174
ExchangeRate,AutonLab/MOMENT-1-small,pca,8,8,False,False,False,512.0,96,6.936644554138184,10960.0,scaled_mse,0.34448301808109344
ExchangeRate,AutonLab/MOMENT-1-small,pca,8,8,False,False,False,512.0,96,6.936644554138184,10960.0,scaled_mae,0.4518051320759995
ETTh2,AutonLab/MOMENT-1-small,pca,7,7,False,False,False,512.0,96,11.47370958328247,21898.0,mse,0.38274821736039466
ETTh2,AutonLab/MOMENT-1-small,pca,7,7,False,False,False,512.0,96,11.47370958328247,21898.0,mae,0.42507220089327974
ETTh2,AutonLab/MOMENT-1-small,pca,7,7,False,False,False,512.0,96,11.47370958328247,21898.0,scaled_mse,0.35281695621608644
ETTh2,AutonLab/MOMENT-1-small,pca,7,7,False,False,False,512.0,96,11.47370958328247,21898.0,scaled_mae,0.4116397746962987
ETTm2,AutonLab/MOMENT-1-small,pca,7,7,False,False,False,512.0,96,39.19781017303467,20008.0,mse,0.2992724859930854
ETTm2,AutonLab/MOMENT-1-small,pca,7,7,False,False,False,512.0,96,39.19781017303467,20008.0,mae,0.36350018581047017
ETTm2,AutonLab/MOMENT-1-small,pca,7,7,False,False,False,512.0,96,39.19781017303467,20008.0,scaled_mse,0.2660697618311751
ETTm2,AutonLab/MOMENT-1-small,pca,7,7,False,False,False,512.0,96,39.19781017303467,20008.0,scaled_mae,0.34719350556608725
ETTm2,AutonLab/MOMENT-1-small,pca,7,7,False,False,False,512.0,96,39.200477838516235,3435.0,mse,0.2975814403420399
ETTm2,AutonLab/MOMENT-1-small,pca,7,7,False,False,False,512.0,96,39.200477838516235,3435.0,mae,0.36187872686166306
ETTm2,AutonLab/MOMENT-1-small,pca,7,7,False,False,False,512.0,96,39.200477838516235,3435.0,scaled_mse,0.2643238564361505
ETTm2,AutonLab/MOMENT-1-small,pca,7,7,False,False,False,512.0,96,39.200477838516235,3435.0,scaled_mae,0.3455776057548345
ETTm2,AutonLab/MOMENT-1-small,pca,7,7,False,False,False,512.0,96,39.456061363220215,17775.0,mse,0.29916128907940825
ETTm2,AutonLab/MOMENT-1-small,pca,7,7,False,False,False,512.0,96,39.456061363220215,17775.0,mae,0.3634009699573068
ETTm2,AutonLab/MOMENT-1-small,pca,7,7,False,False,False,512.0,96,39.456061363220215,17775.0,scaled_mse,0.26594934205666093
ETTm2,AutonLab/MOMENT-1-small,pca,7,7,False,False,False,512.0,96,39.456061363220215,17775.0,scaled_mae,0.34707933413189423
ETTm2,AutonLab/MOMENT-1-small,pca,7,7,False,False,False,512.0,96,39.29568934440613,18004.0,mse,0.29738659905792975
ETTm2,AutonLab/MOMENT-1-small,pca,7,7,False,False,False,512.0,96,39.29568934440613,18004.0,mae,0.3619005385518211
ETTm2,AutonLab/MOMENT-1-small,pca,7,7,False,False,False,512.0,96,39.29568934440613,18004.0,scaled_mse,0.26430565751474233
ETTm2,AutonLab/MOMENT-1-small,pca,7,7,False,False,False,512.0,96,39.29568934440613,18004.0,scaled_mae,0.3456579579106975
ETTm1,AutonLab/MOMENT-1-small,linearAE,7,7,supervised,False,True,512.0,96,4029.274882078171,2780.0,mse,0.6771301175031942
ETTm1,AutonLab/MOMENT-1-small,linearAE,7,7,supervised,False,True,512.0,96,4029.274882078171,2780.0,mae,0.5464142386711075
ETTm1,AutonLab/MOMENT-1-small,linearAE,7,7,supervised,False,True,512.0,96,4029.274882078171,2780.0,scaled_mse,0.673595594983391
ETTm1,AutonLab/MOMENT-1-small,linearAE,7,7,supervised,False,True,512.0,96,4029.274882078171,2780.0,scaled_mae,0.5456620506583325
ETTm1,AutonLab/MOMENT-1-small,linearAE,7,7,supervised,False,True,512.0,96,5378.816100358963,13390.0,mse,0.681198601818258
ETTm1,AutonLab/MOMENT-1-small,linearAE,7,7,supervised,False,True,512.0,96,5378.816100358963,13390.0,mae,0.548561133043928
ETTm1,AutonLab/MOMENT-1-small,linearAE,7,7,supervised,False,True,512.0,96,5378.816100358963,13390.0,scaled_mse,0.6776756571623566
ETTm1,AutonLab/MOMENT-1-small,linearAE,7,7,supervised,False,True,512.0,96,5378.816100358963,13390.0,scaled_mae,0.5478141365437522
Illness,AutonLab/MOMENT-1-small,VAE,7,7,supervised,False,True,512.0,24,47.37952184677124,31661.0,mse,3.9419126464167182
Illness,AutonLab/MOMENT-1-small,VAE,7,7,supervised,False,True,512.0,24,47.37952184677124,31661.0,mae,1.4590592787336694
Illness,AutonLab/MOMENT-1-small,VAE,7,7,supervised,False,True,512.0,24,47.37952184677124,31661.0,scaled_mse,3.892429555929974
Illness,AutonLab/MOMENT-1-small,VAE,7,7,supervised,False,True,512.0,24,47.37952184677124,31661.0,scaled_mae,1.4615888865635853
Weather,AutonLab/MOMENT-1-small,linearAE,21,21,supervised,False,True,512.0,96,35951.821625471115,18522.0,mse,0.27188290009192273
Weather,AutonLab/MOMENT-1-small,linearAE,21,21,supervised,False,True,512.0,96,35951.821625471115,18522.0,mae,0.31769808880075595
Weather,AutonLab/MOMENT-1-small,linearAE,21,21,supervised,False,True,512.0,96,35951.821625471115,18522.0,scaled_mse,0.2716627170127318
Weather,AutonLab/MOMENT-1-small,linearAE,21,21,supervised,False,True,512.0,96,35951.821625471115,18522.0,scaled_mae,0.31785609993498026
Illness,AutonLab/MOMENT-1-small,VAE,7,7,supervised,False,True,512.0,24,57.35343885421753,29614.0,mse,3.8808847409121325
Illness,AutonLab/MOMENT-1-small,VAE,7,7,supervised,False,True,512.0,24,57.35343885421753,29614.0,mae,1.426504675315596
Illness,AutonLab/MOMENT-1-small,VAE,7,7,supervised,False,True,512.0,24,57.35343885421753,29614.0,scaled_mse,3.8344576701525948
Illness,AutonLab/MOMENT-1-small,VAE,7,7,supervised,False,True,512.0,24,57.35343885421753,29614.0,scaled_mae,1.4296221632332828
Illness,AutonLab/MOMENT-1-small,VAE,7,7,supervised,False,True,512.0,24,35.244778871536255,29899.0,mse,4.315018280349492
Illness,AutonLab/MOMENT-1-small,VAE,7,7,supervised,False,True,512.0,24,35.244778871536255,29899.0,mae,1.4183978013038898
Illness,AutonLab/MOMENT-1-small,VAE,7,7,supervised,False,True,512.0,24,35.244778871536255,29899.0,scaled_mse,4.266008466330039
Illness,AutonLab/MOMENT-1-small,VAE,7,7,supervised,False,True,512.0,24,35.244778871536255,29899.0,scaled_mae,1.4232886589191147
Illness,AutonLab/MOMENT-1-small,VAE,7,7,supervised,False,True,512.0,24,20.961039304733276,22211.0,mse,4.228328732661364
Illness,AutonLab/MOMENT-1-small,VAE,7,7,supervised,False,True,512.0,24,20.961039304733276,22211.0,mae,1.4902482173920033
Illness,AutonLab/MOMENT-1-small,VAE,7,7,supervised,False,True,512.0,24,20.961039304733276,22211.0,scaled_mse,4.176378342568298
Illness,AutonLab/MOMENT-1-small,VAE,7,7,supervised,False,True,512.0,24,20.961039304733276,22211.0,scaled_mae,1.493382768353999
Illness,AutonLab/MOMENT-1-small,VAE,7,7,supervised,False,True,512.0,24,34.89575505256653,23489.0,mse,3.9105268563071345
Illness,AutonLab/MOMENT-1-small,VAE,7,7,supervised,False,True,512.0,24,34.89575505256653,23489.0,mae,1.3795867491868823
Illness,AutonLab/MOMENT-1-small,VAE,7,7,supervised,False,True,512.0,24,34.89575505256653,23489.0,scaled_mse,3.866916200155854
Illness,AutonLab/MOMENT-1-small,VAE,7,7,supervised,False,True,512.0,24,34.89575505256653,23489.0,scaled_mae,1.3841806494474247
Illness,AutonLab/MOMENT-1-small,VAE,7,7,supervised,False,True,512.0,24,17.39992046356201,20245.0,mse,4.160379721876293
Illness,AutonLab/MOMENT-1-small,VAE,7,7,supervised,False,True,512.0,24,17.39992046356201,20245.0,mae,1.5092216298897672
Illness,AutonLab/MOMENT-1-small,VAE,7,7,supervised,False,True,512.0,24,17.39992046356201,20245.0,scaled_mse,4.108051207730724
Illness,AutonLab/MOMENT-1-small,VAE,7,7,supervised,False,True,512.0,24,17.39992046356201,20245.0,scaled_mae,1.511758942843132
ETTh1,AutonLab/MOMENT-1-small,VAE,7,7,supervised,False,True,512.0,96,2492.8714294433594,26597.0,mse,0.7443285781155569
ETTh1,AutonLab/MOMENT-1-small,VAE,7,7,supervised,False,True,512.0,96,2492.8714294433594,26597.0,mae,0.6034840744490902
ETTh1,AutonLab/MOMENT-1-small,VAE,7,7,supervised,False,True,512.0,96,2492.8714294433594,26597.0,scaled_mse,0.739261002094603
ETTh1,AutonLab/MOMENT-1-small,VAE,7,7,supervised,False,True,512.0,96,2492.8714294433594,26597.0,scaled_mae,0.6035371438269296
ETTh1,AutonLab/MOMENT-1-small,VAE,7,7,supervised,False,True,512.0,96,1926.4310505390167,10481.0,mse,0.8042877907609349
ETTh1,AutonLab/MOMENT-1-small,VAE,7,7,supervised,False,True,512.0,96,1926.4310505390167,10481.0,mae,0.6524955439553337
ETTh1,AutonLab/MOMENT-1-small,VAE,7,7,supervised,False,True,512.0,96,1926.4310505390167,10481.0,scaled_mse,0.797187810482487
ETTh1,AutonLab/MOMENT-1-small,VAE,7,7,supervised,False,True,512.0,96,1926.4310505390167,10481.0,scaled_mae,0.6516577880974467
Illness,AutonLab/MOMENT-1-small,flow,7,7,supervised,False,True,512.0,24,174.21680355072021,20826.0,mse,5.094247984618748
Illness,AutonLab/MOMENT-1-small,flow,7,7,supervised,False,True,512.0,24,174.21680355072021,20826.0,mae,1.6010917664827085
Illness,AutonLab/MOMENT-1-small,flow,7,7,supervised,False,True,512.0,24,174.21680355072021,20826.0,scaled_mse,5.097676263015372
Illness,AutonLab/MOMENT-1-small,flow,7,7,supervised,False,True,512.0,24,174.21680355072021,20826.0,scaled_mae,1.6108445899468735
Illness,AutonLab/MOMENT-1-small,flow,7,7,supervised,False,True,512.0,24,63.252079248428345,5140.0,mse,5.282837716207635
Illness,AutonLab/MOMENT-1-small,flow,7,7,supervised,False,True,512.0,24,63.252079248428345,5140.0,mae,1.6232341628775018
Illness,AutonLab/MOMENT-1-small,flow,7,7,supervised,False,True,512.0,24,63.252079248428345,5140.0,scaled_mse,5.293075620124989
Illness,AutonLab/MOMENT-1-small,flow,7,7,supervised,False,True,512.0,24,63.252079248428345,5140.0,scaled_mae,1.6377766844361925
Illness,AutonLab/MOMENT-1-small,flow,7,7,supervised,False,True,512.0,24,269.1567084789276,26133.0,mse,5.076238111394277
Illness,AutonLab/MOMENT-1-small,flow,7,7,supervised,False,True,512.0,24,269.1567084789276,26133.0,mae,1.599009445243824
Illness,AutonLab/MOMENT-1-small,flow,7,7,supervised,False,True,512.0,24,269.1567084789276,26133.0,scaled_mse,5.081623151914904
Illness,AutonLab/MOMENT-1-small,flow,7,7,supervised,False,True,512.0,24,269.1567084789276,26133.0,scaled_mae,1.6106852129507556
Illness,AutonLab/MOMENT-1-small,flow,7,7,supervised,False,True,512.0,24,55.80198097229004,12864.0,mse,4.634492112192931
Illness,AutonLab/MOMENT-1-small,flow,7,7,supervised,False,True,512.0,24,55.80198097229004,12864.0,mae,1.5384707524133305
Illness,AutonLab/MOMENT-1-small,flow,7,7,supervised,False,True,512.0,24,55.80198097229004,12864.0,scaled_mse,4.615023229989949
Illness,AutonLab/MOMENT-1-small,flow,7,7,supervised,False,True,512.0,24,55.80198097229004,12864.0,scaled_mae,1.5459695332985983
ETTh1,AutonLab/MOMENT-1-small,VAE,7,7,supervised,False,True,512.0,96,2199.73841047287,27366.0,mse,0.7548353793164368
ETTh1,AutonLab/MOMENT-1-small,VAE,7,7,supervised,False,True,512.0,96,2199.73841047287,27366.0,mae,0.60368598597919
ETTh1,AutonLab/MOMENT-1-small,VAE,7,7,supervised,False,True,512.0,96,2199.73841047287,27366.0,scaled_mse,0.7503557981700223
ETTh1,AutonLab/MOMENT-1-small,VAE,7,7,supervised,False,True,512.0,96,2199.73841047287,27366.0,scaled_mae,0.6041515290810381
Illness,AutonLab/MOMENT-1-small,flow,7,7,supervised,False,True,512.0,24,360.20780777931213,21166.0,mse,5.349607258982134
Illness,AutonLab/MOMENT-1-small,flow,7,7,supervised,False,True,512.0,24,360.20780777931213,21166.0,mae,1.6262987885119515
Illness,AutonLab/MOMENT-1-small,flow,7,7,supervised,False,True,512.0,24,360.20780777931213,21166.0,scaled_mse,5.355157226107298
Illness,AutonLab/MOMENT-1-small,flow,7,7,supervised,False,True,512.0,24,360.20780777931213,21166.0,scaled_mae,1.6372639351222975
ETTh1,AutonLab/MOMENT-1-small,VAE,7,7,supervised,False,True,512.0,96,1677.2533905506134,5085.0,mse,0.7573072753324487
ETTh1,AutonLab/MOMENT-1-small,VAE,7,7,supervised,False,True,512.0,96,1677.2533905506134,5085.0,mae,0.604723997393272
ETTh1,AutonLab/MOMENT-1-small,VAE,7,7,supervised,False,True,512.0,96,1677.2533905506134,5085.0,scaled_mse,0.7510085258254618
ETTh1,AutonLab/MOMENT-1-small,VAE,7,7,supervised,False,True,512.0,96,1677.2533905506134,5085.0,scaled_mae,0.6042438683624933
ETTh1,AutonLab/MOMENT-1-small,VAE,7,7,supervised,False,True,512.0,96,1621.670476436615,12656.0,mse,0.7150104490317172
ETTh1,AutonLab/MOMENT-1-small,VAE,7,7,supervised,False,True,512.0,96,1621.670476436615,12656.0,mae,0.5751471246218088
ETTh1,AutonLab/MOMENT-1-small,VAE,7,7,supervised,False,True,512.0,96,1621.670476436615,12656.0,scaled_mse,0.7087851086089231
ETTh1,AutonLab/MOMENT-1-small,VAE,7,7,supervised,False,True,512.0,96,1621.670476436615,12656.0,scaled_mae,0.5747261054107109
Weather,AutonLab/MOMENT-1-small,linearAE,21,21,supervised,False,True,512.0,96,22318.74150633812,25971.0,mse,0.2721736678648218
Weather,AutonLab/MOMENT-1-small,linearAE,21,21,supervised,False,True,512.0,96,22318.74150633812,25971.0,mae,0.31915788424783387
Weather,AutonLab/MOMENT-1-small,linearAE,21,21,supervised,False,True,512.0,96,22318.74150633812,25971.0,scaled_mse,0.2719568228009495
Weather,AutonLab/MOMENT-1-small,linearAE,21,21,supervised,False,True,512.0,96,22318.74150633812,25971.0,scaled_mae,0.31931197848836296
Weather,AutonLab/MOMENT-1-small,linearAE,21,21,supervised,False,True,512.0,96,36307.300241947174,30381.0,mse,0.2713243626667222
Weather,AutonLab/MOMENT-1-small,linearAE,21,21,supervised,False,True,512.0,96,36307.300241947174,30381.0,mae,0.31863985090344216
Weather,AutonLab/MOMENT-1-small,linearAE,21,21,supervised,False,True,512.0,96,36307.300241947174,30381.0,scaled_mse,0.2711007347921943
Weather,AutonLab/MOMENT-1-small,linearAE,21,21,supervised,False,True,512.0,96,36307.300241947174,30381.0,scaled_mae,0.31878992919635735
Weather,AutonLab/MOMENT-1-small,,21,21,False,False,False,512.0,96,94.40991306304932,1102.0,mse,0.2822960031702015
Weather,AutonLab/MOMENT-1-small,,21,21,False,False,False,512.0,96,94.40991306304932,1102.0,mae,0.32986712620920416
Weather,AutonLab/MOMENT-1-small,,21,21,False,False,False,512.0,96,94.40991306304932,1102.0,scaled_mse,0.2814243707731266
Weather,AutonLab/MOMENT-1-small,,21,21,False,False,False,512.0,96,94.40991306304932,1102.0,scaled_mae,0.3337307673702593
Weather,AutonLab/MOMENT-1-small,,21,21,False,False,False,512.0,96,94.91061592102051,32493.0,mse,0.28200158362756245
Weather,AutonLab/MOMENT-1-small,,21,21,False,False,False,512.0,96,94.91061592102051,32493.0,mae,0.3289582225667671
Weather,AutonLab/MOMENT-1-small,,21,21,False,False,False,512.0,96,94.91061592102051,32493.0,scaled_mse,0.28109280073886955
Weather,AutonLab/MOMENT-1-small,,21,21,False,False,False,512.0,96,94.91061592102051,32493.0,scaled_mae,0.3328249456805274
Weather,AutonLab/MOMENT-1-small,,21,21,False,False,False,512.0,96,94.97040605545044,8552.0,mse,0.279205889824791
Weather,AutonLab/MOMENT-1-small,,21,21,False,False,False,512.0,96,94.97040605545044,8552.0,mae,0.3280083424239831
Weather,AutonLab/MOMENT-1-small,,21,21,False,False,False,512.0,96,94.97040605545044,8552.0,scaled_mse,0.2783940627755669
Weather,AutonLab/MOMENT-1-small,,21,21,False,False,False,512.0,96,94.97040605545044,8552.0,scaled_mae,0.33189985511670483
Weather,AutonLab/MOMENT-1-small,,21,21,False,False,False,512.0,96,94.29271960258484,18038.0,mse,0.28167764198452006
Weather,AutonLab/MOMENT-1-small,,21,21,False,False,False,512.0,96,94.29271960258484,18038.0,mae,0.32969830822556057
Weather,AutonLab/MOMENT-1-small,,21,21,False,False,False,512.0,96,94.29271960258484,18038.0,scaled_mse,0.2807717052135453
Weather,AutonLab/MOMENT-1-small,,21,21,False,False,False,512.0,96,94.29271960258484,18038.0,scaled_mae,0.33353802615071154
Weather,AutonLab/MOMENT-1-small,,21,21,False,False,False,512.0,96,94.77589702606201,5101.0,mse,0.2798650326365124
Weather,AutonLab/MOMENT-1-small,,21,21,False,False,False,512.0,96,94.77589702606201,5101.0,mae,0.32782514802434
Weather,AutonLab/MOMENT-1-small,,21,21,False,False,False,512.0,96,94.77589702606201,5101.0,scaled_mse,0.27898335685293707
Weather,AutonLab/MOMENT-1-small,,21,21,False,False,False,512.0,96,94.77589702606201,5101.0,scaled_mae,0.33169958786479914
Illness,AutonLab/MOMENT-1-small,,7,7,False,False,False,512.0,36,1.9047856330871582,11762.0,mse,5.039047730726028
Illness,AutonLab/MOMENT-1-small,,7,7,False,False,False,512.0,36,1.9047856330871582,11762.0,mae,1.5982450624272793
Illness,AutonLab/MOMENT-1-small,,7,7,False,False,False,512.0,36,1.9047856330871582,11762.0,scaled_mse,5.068256630385172
Illness,AutonLab/MOMENT-1-small,,7,7,False,False,False,512.0,36,1.9047856330871582,11762.0,scaled_mae,1.620969926543863
Illness,AutonLab/MOMENT-1-small,,7,7,False,False,False,512.0,36,1.9779565334320068,25022.0,mse,5.22295056078033
Illness,AutonLab/MOMENT-1-small,,7,7,False,False,False,512.0,36,1.9779565334320068,25022.0,mae,1.606605193118878
Illness,AutonLab/MOMENT-1-small,,7,7,False,False,False,512.0,36,1.9779565334320068,25022.0,scaled_mse,5.2587028184596365
Illness,AutonLab/MOMENT-1-small,,7,7,False,False,False,512.0,36,1.9779565334320068,25022.0,scaled_mae,1.6308028079333936
Illness,AutonLab/MOMENT-1-small,,7,7,False,False,False,512.0,36,1.8917217254638672,24663.0,mse,5.292723578367874
Illness,AutonLab/MOMENT-1-small,,7,7,False,False,False,512.0,36,1.8917217254638672,24663.0,mae,1.61748803983327
Illness,AutonLab/MOMENT-1-small,,7,7,False,False,False,512.0,36,1.8917217254638672,24663.0,scaled_mse,5.331791324673103
Illness,AutonLab/MOMENT-1-small,,7,7,False,False,False,512.0,36,1.8917217254638672,24663.0,scaled_mae,1.6421755263741116
Illness,AutonLab/MOMENT-1-small,,7,7,False,False,False,512.0,36,1.9665586948394775,27751.0,mse,5.0828433392600285
Illness,AutonLab/MOMENT-1-small,,7,7,False,False,False,512.0,36,1.9665586948394775,27751.0,mae,1.598547070718023
Illness,AutonLab/MOMENT-1-small,,7,7,False,False,False,512.0,36,1.9665586948394775,27751.0,scaled_mse,5.115182552664519
Illness,AutonLab/MOMENT-1-small,,7,7,False,False,False,512.0,36,1.9665586948394775,27751.0,scaled_mae,1.6218108962129596
Illness,AutonLab/MOMENT-1-small,,7,7,False,False,False,512.0,48,2.059689521789551,2226.0,mse,5.299296006493183
Illness,AutonLab/MOMENT-1-small,,7,7,False,False,False,512.0,48,2.059689521789551,2226.0,mae,1.6190310262099232
Illness,AutonLab/MOMENT-1-small,,7,7,False,False,False,512.0,48,2.059689521789551,2226.0,scaled_mse,5.31026222139699
Illness,AutonLab/MOMENT-1-small,,7,7,False,False,False,512.0,48,2.059689521789551,2226.0,scaled_mae,1.6374775173162615
Illness,AutonLab/MOMENT-1-small,,7,7,False,False,False,512.0,36,1.8597774505615234,21508.0,mse,5.275472234109195
Illness,AutonLab/MOMENT-1-small,,7,7,False,False,False,512.0,36,1.8597774505615234,21508.0,mae,1.6099835065298123
Illness,AutonLab/MOMENT-1-small,,7,7,False,False,False,512.0,36,1.8597774505615234,21508.0,scaled_mse,5.314853087412669
Illness,AutonLab/MOMENT-1-small,,7,7,False,False,False,512.0,36,1.8597774505615234,21508.0,scaled_mae,1.634719515409417
Illness,AutonLab/MOMENT-1-small,,7,7,False,False,False,512.0,48,1.9591498374938965,16795.0,mse,5.211057802809174
Illness,AutonLab/MOMENT-1-small,,7,7,False,False,False,512.0,48,1.9591498374938965,16795.0,mae,1.617408582279088
Illness,AutonLab/MOMENT-1-small,,7,7,False,False,False,512.0,48,1.9591498374938965,16795.0,scaled_mse,5.218640156677943
Illness,AutonLab/MOMENT-1-small,,7,7,False,False,False,512.0,48,1.9591498374938965,16795.0,scaled_mae,1.635058404104253
Illness,AutonLab/MOMENT-1-small,,7,7,False,False,False,512.0,48,1.9949984550476074,20299.0,mse,5.172514755956196
Illness,AutonLab/MOMENT-1-small,,7,7,False,False,False,512.0,48,1.9949984550476074,20299.0,mae,1.6116398637726335
Illness,AutonLab/MOMENT-1-small,,7,7,False,False,False,512.0,48,1.9949984550476074,20299.0,scaled_mse,5.1801324388149
Illness,AutonLab/MOMENT-1-small,,7,7,False,False,False,512.0,48,1.9949984550476074,20299.0,scaled_mae,1.629334202922537
Illness,AutonLab/MOMENT-1-small,,7,7,False,False,False,512.0,60,2.0601654052734375,17536.0,mse,5.598029345818858
Illness,AutonLab/MOMENT-1-small,,7,7,False,False,False,512.0,60,2.0601654052734375,17536.0,mae,1.6675654634097146
Illness,AutonLab/MOMENT-1-small,,7,7,False,False,False,512.0,60,2.0601654052734375,17536.0,scaled_mse,5.580033333385572
Illness,AutonLab/MOMENT-1-small,,7,7,False,False,False,512.0,60,2.0601654052734375,17536.0,scaled_mae,1.6799087796622851
Illness,AutonLab/MOMENT-1-small,,7,7,False,False,False,512.0,48,1.9755065441131592,13293.0,mse,5.287225767064964
Illness,AutonLab/MOMENT-1-small,,7,7,False,False,False,512.0,48,1.9755065441131592,13293.0,mae,1.6207804213729597
Illness,AutonLab/MOMENT-1-small,,7,7,False,False,False,512.0,48,1.9755065441131592,13293.0,scaled_mse,5.298985483643384
Illness,AutonLab/MOMENT-1-small,,7,7,False,False,False,512.0,48,1.9755065441131592,13293.0,scaled_mae,1.6392199814855497
Illness,AutonLab/MOMENT-1-small,,7,7,False,False,False,512.0,60,1.9683163166046143,18837.0,mse,5.578154650192157
Illness,AutonLab/MOMENT-1-small,,7,7,False,False,False,512.0,60,1.9683163166046143,18837.0,mae,1.6657769092491002
Illness,AutonLab/MOMENT-1-small,,7,7,False,False,False,512.0,60,1.9683163166046143,18837.0,scaled_mse,5.560465252584646
Illness,AutonLab/MOMENT-1-small,,7,7,False,False,False,512.0,60,1.9683163166046143,18837.0,scaled_mae,1.6781929219552467
Illness,AutonLab/MOMENT-1-small,,7,7,False,False,False,512.0,48,1.9995973110198975,16502.0,mse,5.255279464908021
Illness,AutonLab/MOMENT-1-small,,7,7,False,False,False,512.0,48,1.9995973110198975,16502.0,mae,1.6181265105976008
Illness,AutonLab/MOMENT-1-small,,7,7,False,False,False,512.0,48,1.9995973110198975,16502.0,scaled_mse,5.26380210516937
Illness,AutonLab/MOMENT-1-small,,7,7,False,False,False,512.0,48,1.9995973110198975,16502.0,scaled_mae,1.636131320621134
Illness,AutonLab/MOMENT-1-small,,7,7,False,False,False,512.0,60,1.9679360389709473,12328.0,mse,5.4791073385128986
Illness,AutonLab/MOMENT-1-small,,7,7,False,False,False,512.0,60,1.9679360389709473,12328.0,mae,1.6537757198918102
Illness,AutonLab/MOMENT-1-small,,7,7,False,False,False,512.0,60,1.9679360389709473,12328.0,scaled_mse,5.461101052603629
Illness,AutonLab/MOMENT-1-small,,7,7,False,False,False,512.0,60,1.9679360389709473,12328.0,scaled_mae,1.665848899579945
Illness,AutonLab/MOMENT-1-small,,7,7,False,False,False,512.0,60,1.8581082820892334,24509.0,mse,5.582466116723531
Illness,AutonLab/MOMENT-1-small,,7,7,False,False,False,512.0,60,1.8581082820892334,24509.0,mae,1.6709069969815242
Illness,AutonLab/MOMENT-1-small,,7,7,False,False,False,512.0,60,1.8581082820892334,24509.0,scaled_mse,5.563738397977557
Illness,AutonLab/MOMENT-1-small,,7,7,False,False,False,512.0,60,1.8581082820892334,24509.0,scaled_mae,1.6830793744948342
Illness,AutonLab/MOMENT-1-small,,7,7,False,False,False,512.0,60,2.045360803604126,30840.0,mse,5.46888721354024
Illness,AutonLab/MOMENT-1-small,,7,7,False,False,False,512.0,60,2.045360803604126,30840.0,mae,1.655720278357075
Illness,AutonLab/MOMENT-1-small,,7,7,False,False,False,512.0,60,2.045360803604126,30840.0,scaled_mse,5.450906504077789
Illness,AutonLab/MOMENT-1-small,,7,7,False,False,False,512.0,60,2.045360803604126,30840.0,scaled_mae,1.6676631923693643
Illness,AutonLab/MOMENT-1-small,pca,7,7,False,False,False,512.0,36,2.10697078704834,20466.0,mse,5.190896361342082
Illness,AutonLab/MOMENT-1-small,pca,7,7,False,False,False,512.0,36,2.10697078704834,20466.0,mae,1.6078459410273802
Illness,AutonLab/MOMENT-1-small,pca,7,7,False,False,False,512.0,36,2.10697078704834,20466.0,scaled_mse,5.227284559414003
Illness,AutonLab/MOMENT-1-small,pca,7,7,False,False,False,512.0,36,2.10697078704834,20466.0,scaled_mae,1.6315762912728708
Illness,AutonLab/MOMENT-1-small,pca,7,7,False,False,False,512.0,36,2.128753185272217,3265.0,mse,5.280176082274445
Illness,AutonLab/MOMENT-1-small,pca,7,7,False,False,False,512.0,36,2.128753185272217,3265.0,mae,1.6182383464236416
Illness,AutonLab/MOMENT-1-small,pca,7,7,False,False,False,512.0,36,2.128753185272217,3265.0,scaled_mse,5.323730538959716
Illness,AutonLab/MOMENT-1-small,pca,7,7,False,False,False,512.0,36,2.128753185272217,3265.0,scaled_mae,1.643256140229895
Illness,AutonLab/MOMENT-1-small,pca,7,7,False,False,False,512.0,48,2.2366483211517334,10583.0,mse,5.258269968284384
Illness,AutonLab/MOMENT-1-small,pca,7,7,False,False,False,512.0,48,2.2366483211517334,10583.0,mae,1.6168583291144494
Illness,AutonLab/MOMENT-1-small,pca,7,7,False,False,False,512.0,48,2.2366483211517334,10583.0,scaled_mse,5.269294136079676
Illness,AutonLab/MOMENT-1-small,pca,7,7,False,False,False,512.0,48,2.2366483211517334,10583.0,scaled_mae,1.6350531490322933
Illness,AutonLab/MOMENT-1-small,pca,7,7,False,False,False,512.0,36,2.126533031463623,26023.0,mse,5.059259665244581
Illness,AutonLab/MOMENT-1-small,pca,7,7,False,False,False,512.0,36,2.126533031463623,26023.0,mae,1.590194088416496
Illness,AutonLab/MOMENT-1-small,pca,7,7,False,False,False,512.0,36,2.126533031463623,26023.0,scaled_mse,5.089488186060648
Illness,AutonLab/MOMENT-1-small,pca,7,7,False,False,False,512.0,36,2.126533031463623,26023.0,scaled_mae,1.6131223256455114
Illness,AutonLab/MOMENT-1-small,pca,7,7,False,False,False,512.0,48,2.232729434967041,29532.0,mse,5.317617169804642
Illness,AutonLab/MOMENT-1-small,pca,7,7,False,False,False,512.0,48,2.232729434967041,29532.0,mae,1.6220623026130072
Illness,AutonLab/MOMENT-1-small,pca,7,7,False,False,False,512.0,48,2.232729434967041,29532.0,scaled_mse,5.333463056913505
Illness,AutonLab/MOMENT-1-small,pca,7,7,False,False,False,512.0,48,2.232729434967041,29532.0,scaled_mae,1.6410116495883007
Illness,AutonLab/MOMENT-1-small,pca,7,7,False,False,False,512.0,60,2.145167589187622,10213.0,mse,5.392455230974446
Illness,AutonLab/MOMENT-1-small,pca,7,7,False,False,False,512.0,60,2.145167589187622,10213.0,mae,1.6366446104205834
Illness,AutonLab/MOMENT-1-small,pca,7,7,False,False,False,512.0,60,2.145167589187622,10213.0,scaled_mse,5.372599219601601
Illness,AutonLab/MOMENT-1-small,pca,7,7,False,False,False,512.0,60,2.145167589187622,10213.0,scaled_mae,1.6481298529960444
Illness,AutonLab/MOMENT-1-small,pca,7,7,False,False,False,512.0,36,2.1017942428588867,14691.0,mse,5.134030324702713
Illness,AutonLab/MOMENT-1-small,pca,7,7,False,False,False,512.0,36,2.1017942428588867,14691.0,mae,1.598696695429236
Illness,AutonLab/MOMENT-1-small,pca,7,7,False,False,False,512.0,36,2.1017942428588867,14691.0,scaled_mse,5.168451890419692
Illness,AutonLab/MOMENT-1-small,pca,7,7,False,False,False,512.0,36,2.1017942428588867,14691.0,scaled_mae,1.6220823598576026
Illness,AutonLab/MOMENT-1-small,pca,7,7,False,False,False,512.0,48,2.1443703174591064,25181.0,mse,5.298616742754626
Illness,AutonLab/MOMENT-1-small,pca,7,7,False,False,False,512.0,48,2.1443703174591064,25181.0,mae,1.6203807203401634
Illness,AutonLab/MOMENT-1-small,pca,7,7,False,False,False,512.0,48,2.1443703174591064,25181.0,scaled_mse,5.314378930107762
Illness,AutonLab/MOMENT-1-small,pca,7,7,False,False,False,512.0,48,2.1443703174591064,25181.0,scaled_mae,1.6391765078559686
Illness,AutonLab/MOMENT-1-small,pca,7,7,False,False,False,512.0,60,2.3459525108337402,29194.0,mse,5.594577458957618
Illness,AutonLab/MOMENT-1-small,pca,7,7,False,False,False,512.0,60,2.3459525108337402,29194.0,mae,1.6682430664706644
Illness,AutonLab/MOMENT-1-small,pca,7,7,False,False,False,512.0,60,2.3459525108337402,29194.0,scaled_mse,5.579685880531896
Illness,AutonLab/MOMENT-1-small,pca,7,7,False,False,False,512.0,60,2.3459525108337402,29194.0,scaled_mae,1.680930889665245
Illness,AutonLab/MOMENT-1-small,pca,7,7,False,False,False,512.0,36,2.3784565925598145,24050.0,mse,5.192294976844518
Illness,AutonLab/MOMENT-1-small,pca,7,7,False,False,False,512.0,36,2.3784565925598145,24050.0,mae,1.6066973051579472
Illness,AutonLab/MOMENT-1-small,pca,7,7,False,False,False,512.0,36,2.3784565925598145,24050.0,scaled_mse,5.229422731390994
Illness,AutonLab/MOMENT-1-small,pca,7,7,False,False,False,512.0,36,2.3784565925598145,24050.0,scaled_mae,1.6308388866076706
Illness,AutonLab/MOMENT-1-small,pca,7,7,False,False,False,512.0,48,2.2128095626831055,28426.0,mse,5.379083024291529
Illness,AutonLab/MOMENT-1-small,pca,7,7,False,False,False,512.0,48,2.2128095626831055,28426.0,mae,1.6331576801280443
Illness,AutonLab/MOMENT-1-small,pca,7,7,False,False,False,512.0,48,2.2128095626831055,28426.0,scaled_mse,5.395345620596628
Illness,AutonLab/MOMENT-1-small,pca,7,7,False,False,False,512.0,48,2.2128095626831055,28426.0,scaled_mae,1.652310892416155
Illness,AutonLab/MOMENT-1-small,pca,7,7,False,False,False,512.0,60,2.3385937213897705,27266.0,mse,5.5048381158555015
Illness,AutonLab/MOMENT-1-small,pca,7,7,False,False,False,512.0,60,2.3385937213897705,27266.0,mae,1.654511066530173
Illness,AutonLab/MOMENT-1-small,pca,7,7,False,False,False,512.0,60,2.3385937213897705,27266.0,scaled_mse,5.488220333347643
Illness,AutonLab/MOMENT-1-small,pca,7,7,False,False,False,512.0,60,2.3385937213897705,27266.0,scaled_mae,1.6666937797025554
Illness,AutonLab/MOMENT-1-small,pca,7,7,False,False,False,512.0,48,2.196638345718384,18699.0,mse,5.214112316138839
Illness,AutonLab/MOMENT-1-small,pca,7,7,False,False,False,512.0,48,2.196638345718384,18699.0,mae,1.6102163019762266
Illness,AutonLab/MOMENT-1-small,pca,7,7,False,False,False,512.0,48,2.196638345718384,18699.0,scaled_mse,5.223238336339917
Illness,AutonLab/MOMENT-1-small,pca,7,7,False,False,False,512.0,48,2.196638345718384,18699.0,scaled_mae,1.6279299462132468
Illness,AutonLab/MOMENT-1-small,pca,7,7,False,False,False,512.0,60,2.1606647968292236,2865.0,mse,5.543653492420677
Illness,AutonLab/MOMENT-1-small,pca,7,7,False,False,False,512.0,60,2.1606647968292236,2865.0,mae,1.6597933147918453
Illness,AutonLab/MOMENT-1-small,pca,7,7,False,False,False,512.0,60,2.1606647968292236,2865.0,scaled_mse,5.528882505737574
Illness,AutonLab/MOMENT-1-small,pca,7,7,False,False,False,512.0,60,2.1606647968292236,2865.0,scaled_mae,1.6723968374009877
Illness,AutonLab/MOMENT-1-small,pca,7,7,False,False,False,512.0,60,1.967940330505371,4733.0,mse,5.582694555720222
Illness,AutonLab/MOMENT-1-small,pca,7,7,False,False,False,512.0,60,1.967940330505371,4733.0,mae,1.668145164588397
Illness,AutonLab/MOMENT-1-small,pca,7,7,False,False,False,512.0,60,1.967940330505371,4733.0,scaled_mse,5.56659263135059
Illness,AutonLab/MOMENT-1-small,pca,7,7,False,False,False,512.0,60,1.967940330505371,4733.0,scaled_mae,1.6805017439872854
Illness,AutonLab/MOMENT-1-small,linearAE,7,7,supervised,False,True,512.0,60,52.43578839302063,10486.0,mse,4.521931042541591
Illness,AutonLab/MOMENT-1-small,linearAE,7,7,supervised,False,True,512.0,60,52.43578839302063,10486.0,mae,1.5039055958204635
Illness,AutonLab/MOMENT-1-small,linearAE,7,7,supervised,False,True,512.0,60,52.43578839302063,10486.0,scaled_mse,4.505391069637175
Illness,AutonLab/MOMENT-1-small,linearAE,7,7,supervised,False,True,512.0,60,52.43578839302063,10486.0,scaled_mae,1.50932373777298
Illness,AutonLab/MOMENT-1-small,linearAE,7,7,supervised,False,True,512.0,48,74.46346735954285,16112.0,mse,4.279021782990916
Illness,AutonLab/MOMENT-1-small,linearAE,7,7,supervised,False,True,512.0,48,74.46346735954285,16112.0,mae,1.4917598636481444
Illness,AutonLab/MOMENT-1-small,linearAE,7,7,supervised,False,True,512.0,48,74.46346735954285,16112.0,scaled_mse,4.265009639896979
Illness,AutonLab/MOMENT-1-small,linearAE,7,7,supervised,False,True,512.0,48,74.46346735954285,16112.0,scaled_mae,1.4987908006079977
Illness,AutonLab/MOMENT-1-small,linearAE,7,7,supervised,False,True,512.0,36,86.35497546195984,24916.0,mse,4.160510544687554
Illness,AutonLab/MOMENT-1-small,linearAE,7,7,supervised,False,True,512.0,36,86.35497546195984,24916.0,mae,1.4868971705849938
Illness,AutonLab/MOMENT-1-small,linearAE,7,7,supervised,False,True,512.0,36,86.35497546195984,24916.0,scaled_mse,4.130316757883511
Illness,AutonLab/MOMENT-1-small,linearAE,7,7,supervised,False,True,512.0,36,86.35497546195984,24916.0,scaled_mae,1.4923678180123963
Illness,AutonLab/MOMENT-1-small,linearAE,7,7,supervised,False,True,512.0,60,36.641607999801636,9815.0,mse,4.502350271846072
Illness,AutonLab/MOMENT-1-small,linearAE,7,7,supervised,False,True,512.0,60,36.641607999801636,9815.0,mae,1.4978947944494905
Illness,AutonLab/MOMENT-1-small,linearAE,7,7,supervised,False,True,512.0,60,36.641607999801636,9815.0,scaled_mse,4.4842405443747575
Illness,AutonLab/MOMENT-1-small,linearAE,7,7,supervised,False,True,512.0,60,36.641607999801636,9815.0,scaled_mae,1.5031196196241607
Illness,AutonLab/MOMENT-1-small,linearAE,7,7,supervised,False,True,512.0,60,36.20449137687683,21351.0,mse,4.560998243186345
Illness,AutonLab/MOMENT-1-small,linearAE,7,7,supervised,False,True,512.0,60,36.20449137687683,21351.0,mae,1.5100148912407176
Illness,AutonLab/MOMENT-1-small,linearAE,7,7,supervised,False,True,512.0,60,36.20449137687683,21351.0,scaled_mse,4.545698789953623
Illness,AutonLab/MOMENT-1-small,linearAE,7,7,supervised,False,True,512.0,60,36.20449137687683,21351.0,scaled_mae,1.515684518252591
Illness,AutonLab/MOMENT-1-small,linearAE,7,7,supervised,False,True,512.0,36,64.5560450553894,31974.0,mse,4.200873211688738
Illness,AutonLab/MOMENT-1-small,linearAE,7,7,supervised,False,True,512.0,36,64.5560450553894,31974.0,mae,1.4939316936844402
Illness,AutonLab/MOMENT-1-small,linearAE,7,7,supervised,False,True,512.0,36,64.5560450553894,31974.0,scaled_mse,4.177712419107759
Illness,AutonLab/MOMENT-1-small,linearAE,7,7,supervised,False,True,512.0,36,64.5560450553894,31974.0,scaled_mae,1.5004581321058308
Illness,AutonLab/MOMENT-1-small,linearAE,7,7,supervised,False,True,512.0,48,91.80321598052979,27794.0,mse,4.267332580196915
Illness,AutonLab/MOMENT-1-small,linearAE,7,7,supervised,False,True,512.0,48,91.80321598052979,27794.0,mae,1.4674765625554913
Illness,AutonLab/MOMENT-1-small,linearAE,7,7,supervised,False,True,512.0,48,91.80321598052979,27794.0,scaled_mse,4.249017492262648
Illness,AutonLab/MOMENT-1-small,linearAE,7,7,supervised,False,True,512.0,48,91.80321598052979,27794.0,scaled_mae,1.4739463287914625
Illness,AutonLab/MOMENT-1-small,linearAE,7,7,supervised,False,True,512.0,60,71.75605988502502,20164.0,mse,4.469412780690872
Illness,AutonLab/MOMENT-1-small,linearAE,7,7,supervised,False,True,512.0,60,71.75605988502502,20164.0,mae,1.4797639226191277
Illness,AutonLab/MOMENT-1-small,linearAE,7,7,supervised,False,True,512.0,60,71.75605988502502,20164.0,scaled_mse,4.447262888491427
Illness,AutonLab/MOMENT-1-small,linearAE,7,7,supervised,False,True,512.0,60,71.75605988502502,20164.0,scaled_mae,1.484306678253685
Illness,AutonLab/MOMENT-1-small,linearAE,7,7,supervised,False,True,512.0,48,48.49925112724304,14328.0,mse,4.302909795546643
Illness,AutonLab/MOMENT-1-small,linearAE,7,7,supervised,False,True,512.0,48,48.49925112724304,14328.0,mae,1.484332039597894
Illness,AutonLab/MOMENT-1-small,linearAE,7,7,supervised,False,True,512.0,48,48.49925112724304,14328.0,scaled_mse,4.290565358865591
Illness,AutonLab/MOMENT-1-small,linearAE,7,7,supervised,False,True,512.0,48,48.49925112724304,14328.0,scaled_mae,1.4916191698549541
Illness,AutonLab/MOMENT-1-small,linearAE,7,7,supervised,False,True,512.0,36,109.08960485458374,121.0,mse,4.275131104427202
Illness,AutonLab/MOMENT-1-small,linearAE,7,7,supervised,False,True,512.0,36,109.08960485458374,121.0,mae,1.5002753282468229
Illness,AutonLab/MOMENT-1-small,linearAE,7,7,supervised,False,True,512.0,36,109.08960485458374,121.0,scaled_mse,4.258182606996958
Illness,AutonLab/MOMENT-1-small,linearAE,7,7,supervised,False,True,512.0,36,109.08960485458374,121.0,scaled_mae,1.5078654329147854
Illness,AutonLab/MOMENT-1-small,linearAE,7,7,supervised,False,True,512.0,60,42.14095878601074,18367.0,mse,4.526746742264468
Illness,AutonLab/MOMENT-1-small,linearAE,7,7,supervised,False,True,512.0,60,42.14095878601074,18367.0,mae,1.5153978734652855
Illness,AutonLab/MOMENT-1-small,linearAE,7,7,supervised,False,True,512.0,60,42.14095878601074,18367.0,scaled_mse,4.516038884689334
Illness,AutonLab/MOMENT-1-small,linearAE,7,7,supervised,False,True,512.0,60,42.14095878601074,18367.0,scaled_mae,1.5215037246802359
Illness,AutonLab/MOMENT-1-small,linearAE,7,7,supervised,False,True,512.0,36,70.4781265258789,17390.0,mse,4.16672894213318
Illness,AutonLab/MOMENT-1-small,linearAE,7,7,supervised,False,True,512.0,36,70.4781265258789,17390.0,mae,1.4773048217991098
Illness,AutonLab/MOMENT-1-small,linearAE,7,7,supervised,False,True,512.0,36,70.4781265258789,17390.0,scaled_mse,4.139659459526377
Illness,AutonLab/MOMENT-1-small,linearAE,7,7,supervised,False,True,512.0,36,70.4781265258789,17390.0,scaled_mae,1.483238159765948
Illness,AutonLab/MOMENT-1-small,linearAE,7,7,supervised,False,True,512.0,48,113.41430950164795,5007.0,mse,4.227331651991127
Illness,AutonLab/MOMENT-1-small,linearAE,7,7,supervised,False,True,512.0,48,113.41430950164795,5007.0,mae,1.4745362585483353
Illness,AutonLab/MOMENT-1-small,linearAE,7,7,supervised,False,True,512.0,48,113.41430950164795,5007.0,scaled_mse,4.207633065392786
Illness,AutonLab/MOMENT-1-small,linearAE,7,7,supervised,False,True,512.0,48,113.41430950164795,5007.0,scaled_mae,1.480701926152219
Illness,AutonLab/MOMENT-1-small,linearAE,7,7,supervised,False,True,512.0,36,75.810546875,32216.0,mse,4.261962337422145
Illness,AutonLab/MOMENT-1-small,linearAE,7,7,supervised,False,True,512.0,36,75.810546875,32216.0,mae,1.5141475290052404
Illness,AutonLab/MOMENT-1-small,linearAE,7,7,supervised,False,True,512.0,36,75.810546875,32216.0,scaled_mse,4.248857018381363
Illness,AutonLab/MOMENT-1-small,linearAE,7,7,supervised,False,True,512.0,36,75.810546875,32216.0,scaled_mae,1.5220370491996102
Illness,AutonLab/MOMENT-1-small,linearAE,7,7,supervised,False,True,512.0,48,89.23093390464783,14994.0,mse,4.228990111063041
Illness,AutonLab/MOMENT-1-small,linearAE,7,7,supervised,False,True,512.0,48,89.23093390464783,14994.0,mae,1.4791780378387398
Illness,AutonLab/MOMENT-1-small,linearAE,7,7,supervised,False,True,512.0,48,89.23093390464783,14994.0,scaled_mse,4.2138418945078
Illness,AutonLab/MOMENT-1-small,linearAE,7,7,supervised,False,True,512.0,48,89.23093390464783,14994.0,scaled_mae,1.4859521903485473
Illness,AutonLab/MOMENT-1-small,linearAE,7,7,supervised,False,False,512.0,24,133.7983202934265,427.0,mse,6.515664261698222
Illness,AutonLab/MOMENT-1-small,linearAE,7,7,supervised,False,False,512.0,24,133.7983202934265,427.0,mae,1.784691538845765
Illness,AutonLab/MOMENT-1-small,linearAE,7,7,supervised,False,False,512.0,24,133.7983202934265,427.0,scaled_mse,6.602991947055189
Illness,AutonLab/MOMENT-1-small,linearAE,7,7,supervised,False,False,512.0,24,133.7983202934265,427.0,scaled_mae,1.8069620594647535
Illness,AutonLab/MOMENT-1-small,linearAE,7,7,supervised,False,False,512.0,24,116.3229820728302,14236.0,mse,4.593984815510995
Illness,AutonLab/MOMENT-1-small,linearAE,7,7,supervised,False,False,512.0,24,116.3229820728302,14236.0,mae,1.4988588072794418
Illness,AutonLab/MOMENT-1-small,linearAE,7,7,supervised,False,False,512.0,24,116.3229820728302,14236.0,scaled_mse,4.574832783958147
Illness,AutonLab/MOMENT-1-small,linearAE,7,7,supervised,False,False,512.0,24,116.3229820728302,14236.0,scaled_mae,1.5077686452186345
Illness,AutonLab/MOMENT-1-small,linearAE,7,7,supervised,False,False,512.0,24,141.88757491111755,29347.0,mse,4.590881187778505
Illness,AutonLab/MOMENT-1-small,linearAE,7,7,supervised,False,False,512.0,24,141.88757491111755,29347.0,mae,1.4524882681151583
Illness,AutonLab/MOMENT-1-small,linearAE,7,7,supervised,False,False,512.0,24,141.88757491111755,29347.0,scaled_mse,4.561088375370618
Illness,AutonLab/MOMENT-1-small,linearAE,7,7,supervised,False,False,512.0,24,141.88757491111755,29347.0,scaled_mae,1.4596047069353237
Illness,AutonLab/MOMENT-1-small,linearAE,7,7,supervised,False,False,512.0,24,222.83364868164062,22638.0,mse,7.243613899279165
Illness,AutonLab/MOMENT-1-small,linearAE,7,7,supervised,False,False,512.0,24,222.83364868164062,22638.0,mae,1.9311788849319993
Illness,AutonLab/MOMENT-1-small,linearAE,7,7,supervised,False,False,512.0,24,222.83364868164062,22638.0,scaled_mse,7.284911474623676
Illness,AutonLab/MOMENT-1-small,linearAE,7,7,supervised,False,False,512.0,24,222.83364868164062,22638.0,scaled_mae,1.9490699263997942
Illness,AutonLab/MOMENT-1-small,linearAE,7,7,supervised,False,False,512.0,24,125.3281135559082,4958.0,mse,5.530350126161271
Illness,AutonLab/MOMENT-1-small,linearAE,7,7,supervised,False,False,512.0,24,125.3281135559082,4958.0,mae,1.6482421429380867
Illness,AutonLab/MOMENT-1-small,linearAE,7,7,supervised,False,False,512.0,24,125.3281135559082,4958.0,scaled_mse,5.572598930930548
Illness,AutonLab/MOMENT-1-small,linearAE,7,7,supervised,False,False,512.0,24,125.3281135559082,4958.0,scaled_mae,1.6657345384513842
